	sample_id	sample_type	patient_id	sex	tss_code	tss_name	tumor_stage	vital_status	age_at_diagnosis	days_to_death	oct_embedded	is_ffpe	country	histological_diagnosis	pr_status	er_status	diagnosis_subtype	tumor_classification	cluster
64e2fb31-8ac3-4162-825f-a7680f410f70	TCGA-EW-A1PG-01A-11R-A144-07	Primary Tumor	TCGA-EW-A1PG	female	EW	University of Miami	stage iib	alive	19464	NA	true	FALSE	United States	Infiltrating Lobular Carcinoma	Positive	Positive	NA	not reported	1
7725ecef-ce7a-47c3-8f39-4a9582175497	TCGA-B6-A0RP-01A-21R-A084-07	Primary Tumor	TCGA-B6-A0RP	female	B6	Duke	not reported	dead	26941	3126	true	FALSE	United States	Mixed Histology (please specify)	Positive	Positive	NA	not reported	1
f405cd29-4016-415b-9546-02da179a97ac	TCGA-EW-A423-01A-11R-A24H-07	Primary Tumor	TCGA-EW-A423	female	EW	University of Miami	stage iia	alive	27627	NA	true	FALSE	United States	Infiltrating Lobular Carcinoma	Positive	Positive	NA	not reported	1
8e47d178-8309-4a01-9ba7-5a48615158ca	TCGA-E2-A1L7-01A-11R-A144-07	Primary Tumor	TCGA-E2-A1L7	female	E2	Roswell Park	stage iiia	alive	14854	NA	false	FALSE	United States	Infiltrating Ductal Carcinoma	Negative	Negative	NA	not reported	1
5e4afb9b-9141-40c1-a86e-42d5b74930c4	TCGA-D8-A1JT-01A-31R-A13Q-07	Primary Tumor	TCGA-D8-A1JT	female	D8	Greater Poland Cancer Center	stage iia	alive	25677	NA	false	FALSE	Poland	Other  specify	Positive	Positive	NA	not reported	1
ff2a805f-4acd-49fa-b264-1c7d61ad16ca	TCGA-A8-A09Z-01A-11R-A00Z-07	Primary Tumor	TCGA-A8-A09Z	female	A8	Indivumed	stage iib	alive	30590	NA	false	FALSE	Germany	Infiltrating Lobular Carcinoma	Negative	Positive	NA	not reported	1
42df9529-b684-4aed-ad7b-83bfedec0751	TCGA-AR-A1AP-01A-11R-A12P-07	Primary Tumor	TCGA-AR-A1AP	female	AR	Mayo	stage i	alive	29406	NA	true	FALSE	None	Infiltrating Ductal Carcinoma	Positive	Positive	NA	not reported	1
5cdfaf15-5227-4917-a66c-2447cf9bc70e	TCGA-BH-A0BP-01A-11R-A115-07	Primary Tumor	TCGA-BH-A0BP	female	BH	University of Pittsburgh	stage i	dead	27917	2296	true	FALSE	None	Infiltrating Ductal Carcinoma	Positive	Positive	NA	not reported	1
796ca6e7-2be7-4862-a5e7-6b262ba099f2	TCGA-E2-A105-01A-11R-A10J-07	Primary Tumor	TCGA-E2-A105	female	E2	Roswell Park	stage iia	alive	28855	NA	false	FALSE	None	Infiltrating Ductal Carcinoma	Positive	Positive	NA	not reported	1
ab68528c-cf90-425b-bf92-33d5e4c54345	TCGA-C8-A3M7-01A-12R-A21T-07	Primary Tumor	TCGA-C8-A3M7	female	C8	ILSBio	stage iiib	dead	22096	1034	true	FALSE	Vietnam	Infiltrating Lobular Carcinoma	Negative	Negative	NA	not reported	1
8df83379-a2c6-44f1-86fe-bc691eb09027	TCGA-OL-A6VQ-01A-12R-A41B-07	Primary Tumor	TCGA-OL-A6VQ	female	OL	University of Chicago	stage iia	alive	18151	NA	true	FALSE	United States	Infiltrating Lobular Carcinoma	Positive	Positive	NA	not reported	1
a45a86c9-8168-4036-b186-db471eb53546	TCGA-E9-A1R0-01A-22R-A16F-07	Primary Tumor	TCGA-E9-A1R0	female	E9	Asterand	stage iia	alive	21394	NA	true	FALSE	Russia	Infiltrating Ductal Carcinoma	NA	NA	NA	not reported	1
3cc6581c-57dc-431b-a699-a479a3fa3823	TCGA-A8-A08F-01A-11R-A00Z-07	Primary Tumor	TCGA-A8-A08F	female	A8	Indivumed	stage iiic	alive	21641	NA	false	FALSE	Germany	Infiltrating Ductal Carcinoma	Positive	Positive	NA	not reported	1
e0b3c5d3-a6b3-4516-97e4-ae8796c8b12f	TCGA-BH-A1ES-01A-11R-A137-07	Primary Tumor	TCGA-BH-A1ES	female	BH	University of Pittsburgh	stage iib	dead	13138	3462	true	FALSE	None	Infiltrating Ductal Carcinoma	Positive	Positive	NA	not reported	1
39ceff6e-a829-49b2-a5a0-895cac8be530	TCGA-B6-A0RQ-01A-11R-A115-07	Primary Tumor	TCGA-B6-A0RQ	female	B6	Duke	stage iib	dead	25010	4267	true	FALSE	United States	Infiltrating Lobular Carcinoma	Positive	Positive	NA	not reported	1
f5afe112-281e-43ac-9662-e2de331f7789	TCGA-BH-A28O-01A-11R-A22K-07	Primary Tumor	TCGA-BH-A28O	female	BH	University of Pittsburgh	stage iiic	alive	18501	NA	true	FALSE	United States	Infiltrating Lobular Carcinoma	Positive	Positive	NA	not reported	1
d671e954-4cac-4449-8eb1-163e478fe052	TCGA-A8-A06U-01A-11R-A00Z-07	Primary Tumor	TCGA-A8-A06U	female	A8	Indivumed	stage iib	dead	29525	883	false	FALSE	Germany	Infiltrating Ductal Carcinoma	Positive	Positive	NA	not reported	1
6985560f-33fe-435f-83e0-cbd9e0c20413	TCGA-AC-A3TN-01A-11R-A22K-07	Primary Tumor	TCGA-AC-A3TN	female	AC	International Genomics Consortium	stage iib	alive	27421	NA	false	FALSE	United States	Infiltrating Lobular Carcinoma	Positive	Positive	NA	not reported	1
818b0b25-5543-4d05-9205-1899ec64d733	TCGA-A2-A0SU-01A-11R-A084-07	Primary Tumor	TCGA-A2-A0SU	female	A2	Walter Reed	stage iia	alive	24219	NA	true	FALSE	None	Infiltrating Ductal Carcinoma	Positive	Positive	NA	not reported	1
26c483c5-c691-4756-87cd-30108ff3e90f	TCGA-AQ-A1H2-01A-11R-A13Q-07	Primary Tumor	TCGA-AQ-A1H2	female	AQ	UNC 	stage iiia	alive	30958	NA	false	FALSE	United States	Infiltrating Ductal Carcinoma	Positive	Positive	NA	not reported	1
a4318da0-6021-4931-a583-1087bd2bc837	TCGA-B6-A0X7-01A-11R-A10J-07	Primary Tumor	TCGA-B6-A0X7	female	B6	Duke	stage x	dead	22723	1781	true	FALSE	United States	Mixed Histology (please specify)	Positive	Positive	NA	not reported	1
d5bf82b7-7508-4773-a104-cff25a557149	TCGA-D8-A1J9-01A-11R-A13Q-07	Primary Tumor	TCGA-D8-A1J9	female	D8	Greater Poland Cancer Center	stage ia	alive	17879	NA	false	FALSE	Poland	Infiltrating Ductal Carcinoma	Negative	Positive	NA	not reported	1
71b02059-b87e-4288-b02e-6470d6a582c3	TCGA-E2-A15J-01A-11R-A12P-07	Primary Tumor	TCGA-E2-A15J	female	E2	Roswell Park	stage i	alive	18771	NA	false	FALSE	None	Infiltrating Ductal Carcinoma	Positive	Positive	NA	not reported	1
f05c2816-d1c7-42a1-9ad4-ad787b256d78	TCGA-A1-A0SE-01A-11R-A084-07	Primary Tumor	TCGA-A1-A0SE	female	A1	UCSF	stage i	alive	20717	NA	true	FALSE	United States	Mixed Histology (please specify)	Positive	Positive	NA	not reported	1
cd966e85-84d2-4c3c-9a61-3afc65d4f8df	TCGA-AO-A0JE-01A-11R-A056-07	Primary Tumor	TCGA-AO-A0JE	female	AO	MSKCC	stage iiia	alive	19516	NA	true	FALSE	None	Infiltrating Ductal Carcinoma	Negative	Negative	NA	not reported	1
e06668e3-03b5-4e17-9e22-40d5734af988	TCGA-E9-A1R3-01A-31R-A14M-07	Primary Tumor	TCGA-E9-A1R3	female	E9	Asterand	stage iiic	alive	25693	NA	true	FALSE	Ukraine	Infiltrating Ductal Carcinoma	NA	NA	NA	not reported	1
aa01abcb-555e-4ad6-9346-8f76bb8e00de	TCGA-A2-A3XW-01A-11R-A239-07	Primary Tumor	TCGA-A2-A3XW	female	A2	Walter Reed	stage iib	alive	15670	NA	true	FALSE	United States	Infiltrating Ductal Carcinoma	Negative	Positive	NA	not reported	1
e26e2897-1b92-47a7-959c-53d6bfdd16ff	TCGA-AC-A2FE-01A-11R-A19W-07	Primary Tumor	TCGA-AC-A2FE	female	AC	International Genomics Consortium	stage iiic	dead	22746	2636	false	FALSE	United States	NA	Positive	Positive	NA	not reported	1
c705fa90-d9aa-4949-baca-1c022a14cb03	TCGA-A7-A26E-01A-11R-A277-07	Primary Tumor	TCGA-A7-A26E	female	A7	Christiana Healthcare	stage iiia	alive	26274	NA	false	FALSE	United States	Infiltrating Lobular Carcinoma	Positive	Positive	NA	not reported	1
1ab92ada-637e-4a42-a39a-70ceeea41ae3	TCGA-E2-A1IU-01A-11R-A14D-07	Primary Tumor	TCGA-E2-A1IU	female	E2	Roswell Park	stage ia	alive	22279	NA	false	FALSE	None	Infiltrating Ductal Carcinoma	Positive	Positive	NA	not reported	1
80a10e2c-6e0b-4b9e-b3b4-086a7cda9a46	TCGA-BH-A0DO-01B-11R-A12D-07	Primary Tumor	TCGA-BH-A0DO	female	BH	University of Pittsburgh	stage i	alive	28529	NA	true	FALSE	None	Infiltrating Ductal Carcinoma	Positive	Positive	NA	not reported	1
c9a64139-06c9-4154-b8ad-9c6959696977	TCGA-LL-A7SZ-01A-32R-A352-07	Primary Tumor	TCGA-LL-A7SZ	female	LL	Candler	stage iib	alive	18161	NA	false	FALSE	United States	Infiltrating Ductal Carcinoma	Positive	Positive	NA	not reported	1
cd86eeaf-d99b-4bd6-96cc-c44a4263cdd7	TCGA-OL-A5RV-01A-12R-A28M-07	Primary Tumor	TCGA-OL-A5RV	female	OL	University of Chicago	stage iiic	alive	15820	NA	true	FALSE	United States	Infiltrating Ductal Carcinoma	Positive	Positive	NA	not reported	1
300d7f74-a627-4738-91a9-62778d98c5ad	TCGA-E9-A1R7-01A-11R-A14M-07	Primary Tumor	TCGA-E9-A1R7	female	E9	Asterand	stage iia	alive	23397	NA	true	FALSE	Ukraine	Infiltrating Ductal Carcinoma	NA	NA	NA	not reported	1
ceb674a6-b8ae-4245-af6e-83030d514b84	TCGA-BH-A0DX-01A-11R-A115-07	Primary Tumor	TCGA-BH-A0DX	female	BH	University of Pittsburgh	stage i	alive	22833	NA	true	FALSE	None	Infiltrating Ductal Carcinoma	Positive	Positive	NA	not reported	1
e547aed5-1579-4589-a683-d07cc0e51f93	TCGA-V7-A7HQ-01A-11R-A33J-07	Primary Tumor	TCGA-V7-A7HQ	female	V7	Medical College of Georgia	stage iiia	alive	27684	NA	false	FALSE	United States	Infiltrating Ductal Carcinoma	Positive	Positive	NA	not reported	1
826a2901-1c17-44a4-84a5-bc6f54d10a3f	TCGA-AO-A0JJ-01A-11R-A056-07	Primary Tumor	TCGA-AO-A0JJ	female	AO	MSKCC	stage iib	alive	19758	NA	true	FALSE	None	Infiltrating Lobular Carcinoma	Positive	Positive	NA	not reported	1
9e8b9fc7-ff0e-4e2e-aa8b-697a995a7317	TCGA-AO-A12G-01A-11R-A10J-07	Primary Tumor	TCGA-AO-A12G	female	AO	MSKCC	stage iia	alive	27705	NA	true	FALSE	None	Other  specify	Positive	Positive	NA	not reported	1
9076f647-71dc-4845-a893-e6628de65e68	TCGA-A2-A0CZ-01A-11R-A034-07	Primary Tumor	TCGA-A2-A0CZ	female	A2	Walter Reed	stage iia	alive	17026	NA	true	FALSE	None	Infiltrating Ductal Carcinoma	Positive	Positive	NA	not reported	1
3343fc79-fa17-4319-91ac-55f2d2e74cef	TCGA-PE-A5DC-01A-12R-A27Q-07	Primary Tumor	TCGA-PE-A5DC	female	PE	Fox Chase	stage iiia	dead	26514	1430	true	FALSE	United States	Infiltrating Lobular Carcinoma	Positive	Positive	NA	not reported	1
1200af21-94cc-493a-85bd-70cc56f50497	TCGA-D8-A1XR-01A-11R-A14M-07	Primary Tumor	TCGA-D8-A1XR	female	D8	Greater Poland Cancer Center	stage iib	alive	20488	NA	false	FALSE	Poland	Infiltrating Ductal Carcinoma	Positive	Positive	NA	not reported	1
afb1af04-c647-45b0-aa67-81d5a71b32e6	TCGA-A8-A081-01A-11R-A00Z-07	Primary Tumor	TCGA-A8-A081	female	A8	Indivumed	stage iia	alive	29555	NA	false	FALSE	Germany	Infiltrating Ductal Carcinoma	Positive	Positive	NA	not reported	1
8faa604b-bdc4-4481-89a7-0ab6f4839c04	TCGA-D8-A1XL-01A-11R-A14M-07	Primary Tumor	TCGA-D8-A1XL	female	D8	Greater Poland Cancer Center	stage iib	alive	12668	NA	false	FALSE	Poland	Infiltrating Ductal Carcinoma	Positive	Positive	NA	not reported	1
09aa29e2-8d91-48de-832a-859e76bd82f6	TCGA-A8-A09Q-01A-11R-A00Z-07	Primary Tumor	TCGA-A8-A09Q	female	A8	Indivumed	stage iiib	alive	30528	NA	false	FALSE	Germany	Infiltrating Ductal Carcinoma	Positive	Positive	NA	not reported	1
862a4113-9037-43ce-bdba-1b1818ca19e5	TCGA-C8-A1HO-01A-11R-A13Q-07	Primary Tumor	TCGA-C8-A1HO	female	C8	ILSBio	stage iiic	alive	12715	NA	true	FALSE	Vietnam	Infiltrating Ductal Carcinoma	Positive	Positive	NA	not reported	1
1701dfd9-74cd-4203-b2aa-b158932825fc	TCGA-BH-A18N-01A-11R-A12D-07	Primary Tumor	TCGA-BH-A18N	female	BH	University of Pittsburgh	stage iia	dead	32404	1148	true	FALSE	None	Infiltrating Ductal Carcinoma	Positive	Positive	NA	not reported	1
f0037f68-8f20-4668-a8ab-ace38717cbf2	TCGA-OL-A6VR-01A-32R-A33J-07	Primary Tumor	TCGA-OL-A6VR	female	OL	University of Chicago	stage ia	alive	17702	NA	true	FALSE	United States	Infiltrating Ductal Carcinoma	Positive	Positive	NA	not reported	1
16fa9305-8d86-4330-b932-07274b631574	TCGA-BH-A18I-01A-11R-A12D-07	Primary Tumor	TCGA-BH-A18I	female	BH	University of Pittsburgh	stage iia	alive	19489	NA	true	FALSE	None	Infiltrating Ductal Carcinoma	Positive	Positive	NA	not reported	1
41396ec8-55b6-4a3d-b5c4-ca6bea83b75d	TCGA-AO-A12E-01A-11R-A10J-07	Primary Tumor	TCGA-AO-A12E	female	AO	MSKCC	stage iib	alive	18721	NA	true	FALSE	None	Infiltrating Lobular Carcinoma	Positive	Positive	NA	not reported	1
a1ad6e6b-270d-4c2d-9092-b18099ee1783	TCGA-WT-AB41-01A-11R-A41B-07	Primary Tumor	TCGA-WT-AB41	female	WT	University of Kansas	stage iib	alive	NA	NA	false	FALSE	United States	Infiltrating Ductal Carcinoma	Positive	Positive	NA	not reported	1
6418884f-19d9-4101-a35c-6f1f43a4690a	TCGA-AN-A04A-01A-21R-A034-07	Primary Tumor	TCGA-AN-A04A	female	AN	Cureline	stage iiia	alive	13445	NA	true	FALSE	None	Infiltrating Ductal Carcinoma	Positive	Positive	NA	not reported	1
8607f343-5c54-4112-a8c3-ec1f0a48f4f4	TCGA-C8-A27A-01A-11R-A169-07	Primary Tumor	TCGA-C8-A27A	female	C8	ILSBio	stage iib	alive	17779	NA	true	FALSE	Vietnam	Infiltrating Ductal Carcinoma	Positive	Positive	NA	not reported	1
bf128355-3e49-449d-a503-00e678e90df8	TCGA-S3-A6ZF-01A-32R-A32P-07	Primary Tumor	TCGA-S3-A6ZF	female	S3	Albert Einstein Medical Center	stage iia	alive	23650	NA	false	FALSE	United States	Infiltrating Ductal Carcinoma	Positive	Positive	NA	not reported	1
d8dcd080-5bb7-4723-8714-443eb8b07477	TCGA-C8-A12O-01A-11R-A115-07	Primary Tumor	TCGA-C8-A12O	female	C8	ILSBio	stage iia	alive	18506	NA	true	FALSE	Vietnam	Infiltrating Ductal Carcinoma	Positive	Positive	NA	not reported	1
dd138ff8-d54f-4a77-aaf7-dbfea3beb17d	TCGA-E2-A1L9-01A-11R-A13Q-07	Primary Tumor	TCGA-E2-A1L9	female	E2	Roswell Park	stage iia	alive	14868	NA	false	FALSE	United States	Infiltrating Ductal Carcinoma	Positive	Positive	NA	not reported	1
a31dd727-f50a-4077-81e7-7b8d0cad7310	TCGA-A2-A4RY-01A-31R-A266-07	Primary Tumor	TCGA-A2-A4RY	female	A2	Walter Reed	stage iiic	alive	17157	NA	true	FALSE	United States	Infiltrating Lobular Carcinoma	Positive	Positive	NA	not reported	1
bdb30060-c2cf-4c66-ab80-3da009a1161f	TCGA-BH-A0E2-01A-11R-A056-07	Primary Tumor	TCGA-BH-A0E2	female	BH	University of Pittsburgh	stage iiia	alive	18152	NA	true	FALSE	None	Infiltrating Ductal Carcinoma	Positive	Positive	NA	not reported	1
a72b96c5-2ece-463e-a6cc-4598901a9bef	TCGA-E9-A229-01A-31R-A157-07	Primary Tumor	TCGA-E9-A229	female	E9	Asterand	stage ia	alive	13817	NA	true	FALSE	Russia	Infiltrating Ductal Carcinoma	NA	NA	NA	not reported	1
594d9a6e-ecf8-4fcd-aebe-de81c638fcca	TCGA-EW-A2FV-01A-11R-A17B-07	Primary Tumor	TCGA-EW-A2FV	female	EW	University of Miami	stage iiic	alive	14316	NA	true	FALSE	United States	Other  specify	Positive	Positive	NA	not reported	1
0a3920c0-d113-4ccb-b696-ecadfa681148	TCGA-AC-A3QQ-01B-06R-A22O-07	Primary Tumor	TCGA-AC-A3QQ	female	AC	International Genomics Consortium	stage ia	alive	19723	NA	false	TRUE	United States	NA	Positive	Positive	NA	not reported	1
c4ec541d-8bea-4b1d-8e7d-83b04e349944	TCGA-WT-AB44-01A-11R-A41B-07	Primary Tumor	TCGA-WT-AB44	female	WT	University of Kansas	stage ia	alive	NA	NA	false	FALSE	United States	Infiltrating Lobular Carcinoma	Positive	Positive	NA	not reported	1
d556467d-bac2-4ece-b906-14f542987d90	TCGA-AC-A3BB-01A-21R-A19W-07	Primary Tumor	TCGA-AC-A3BB	female	AC	International Genomics Consortium	stage iiia	alive	16983	NA	false	FALSE	United States	Infiltrating Lobular Carcinoma	Positive	Positive	NA	not reported	1
47761280-913e-4826-b400-f04f85b17476	TCGA-A8-A085-01A-11R-A00Z-07	Primary Tumor	TCGA-A8-A085	male	A8	Indivumed	stage iib	alive	16377	NA	false	FALSE	Germany	Infiltrating Ductal Carcinoma	Positive	Positive	NA	not reported	1
7ed6588c-9071-4698-9876-1f7273591991	TCGA-E9-A3X8-01A-31R-A22U-07	Primary Tumor	TCGA-E9-A3X8	female	E9	Asterand	stage iib	alive	17588	NA	true	FALSE	Russia	Infiltrating Lobular Carcinoma	Positive	Positive	NA	not reported	1
6c677ecd-cc01-4b66-badb-0779b7274b20	TCGA-EW-A1PA-01A-11R-A144-07	Primary Tumor	TCGA-EW-A1PA	female	EW	University of Miami	stage iib	alive	21837	NA	true	FALSE	United States	Infiltrating Ductal Carcinoma	Positive	Positive	NA	not reported	1
524bbb0c-e6af-47a6-b274-f58bb1dd4c76	TCGA-A1-A0SF-01A-11R-A144-07	Primary Tumor	TCGA-A1-A0SF	female	A1	UCSF	stage iia	alive	19731	NA	true	FALSE	United States	Infiltrating Ductal Carcinoma	Positive	Positive	NA	not reported	1
9af9e9cf-2d77-455e-8d47-10537badd98f	TCGA-B6-A0WT-01A-11R-A109-07	Primary Tumor	TCGA-B6-A0WT	female	B6	Duke	stage iib	alive	22362	NA	true	FALSE	United States	Infiltrating Ductal Carcinoma	Positive	Positive	NA	not reported	1
709ef230-dda1-444d-8864-a4ebca19497b	TCGA-AQ-A0Y5-01A-11R-A14M-07	Primary Tumor	TCGA-AQ-A0Y5	female	AQ	UNC 	stage iiia	dead	25793	172	false	FALSE	United States	Infiltrating Ductal Carcinoma	Positive	Positive	NA	not reported	1
00f24662-71c8-4939-aa6e-0427038545d9	TCGA-B6-A0RI-01A-11R-A056-07	Primary Tumor	TCGA-B6-A0RI	female	B6	Duke	stage iiib	alive	16138	NA	true	FALSE	United States	Infiltrating Ductal Carcinoma	Positive	Positive	NA	not reported	1
00dd9349-a18d-4a08-8f90-639f64dc5ae6	TCGA-E9-A245-01A-22R-A16F-07	Primary Tumor	TCGA-E9-A245	female	E9	Asterand	stage iib	dead	17363	NA	true	FALSE	Ukraine	Infiltrating Ductal Carcinoma	NA	NA	NA	not reported	1
dbfa1780-4558-436a-a434-05dafd0f675a	TCGA-AN-A0FT-01A-11R-A034-07	Primary Tumor	TCGA-AN-A0FT	female	AN	Cureline	stage iib	alive	23300	NA	false	FALSE	None	Infiltrating Ductal Carcinoma	Positive	Positive	NA	not reported	1
6e3cc012-2192-48b5-bd38-92ccda12a0bc	TCGA-A8-A07E-01A-11R-A034-07	Primary Tumor	TCGA-A8-A07E	female	A8	Indivumed	stage x	alive	29800	NA	false	FALSE	Germany	Infiltrating Ductal Carcinoma	Positive	Positive	NA	not reported	1
3420e4dd-879a-44f0-b7bb-5cdd8bd5401a	TCGA-E2-A1B5-01A-21R-A12P-07	Primary Tumor	TCGA-E2-A1B5	female	E2	Roswell Park	stage iia	alive	17039	NA	true	FALSE	None	Infiltrating Lobular Carcinoma	Positive	Positive	NA	not reported	1
e58e4d1a-4682-4a48-86f1-9e62dbbe79d9	TCGA-E2-A1IJ-01A-11R-A144-07	Primary Tumor	TCGA-E2-A1IJ	female	E2	Roswell Park	stage i	alive	20956	NA	false	FALSE	None	Infiltrating Lobular Carcinoma	Positive	Positive	NA	not reported	1
cf6af5e1-ed9c-4cd2-8c29-5d002ef59b7d	TCGA-LL-A5YL-01A-12R-A29R-07	Primary Tumor	TCGA-LL-A5YL	female	LL	Candler	stage iib	alive	23395	NA	false	FALSE	United States	Infiltrating Lobular Carcinoma	Negative	Positive	NA	not reported	1
91382c7f-7fec-4369-b1a4-60911a47c56a	TCGA-B6-A0IC-01A-11R-A034-07	Primary Tumor	TCGA-B6-A0IC	female	B6	Duke	stage x	dead	32872	1542	true	FALSE	United States	Other  specify	Positive	Positive	NA	not reported	1
1ce73491-493d-44b6-8ab5-705f10f5df16	TCGA-BH-A18L-01A-32R-A12D-07	Primary Tumor	TCGA-BH-A18L	female	BH	University of Pittsburgh	stage iiia	dead	18519	811	true	FALSE	None	Infiltrating Ductal Carcinoma	Positive	Positive	NA	not reported	1
98b23744-92f7-43f1-9c6d-328adf4108f8	TCGA-AC-A3TM-01A-11R-A22K-07	Primary Tumor	TCGA-AC-A3TM	female	AC	International Genomics Consortium	stage iiia	alive	18535	NA	false	FALSE	United States	NA	Positive	Positive	NA	not reported	1
4913ff90-e563-48e0-a632-a6cff90d810f	TCGA-B6-A0IG-01A-11R-A034-07	Primary Tumor	TCGA-B6-A0IG	female	B6	Duke	stage iib	dead	18433	4456	true	FALSE	United States	Infiltrating Ductal Carcinoma	Positive	Positive	NA	not reported	1
1324d8a4-b51a-49aa-b376-e70ce72fc0d3	TCGA-A1-A0SQ-01A-21R-A144-07	Primary Tumor	TCGA-A1-A0SQ	female	A1	UCSF	stage iib	alive	16458	NA	true	FALSE	United States	Infiltrating Ductal Carcinoma	Positive	Positive	NA	not reported	1
bc922f18-a6a9-4f1c-b3c9-c7628ad04a04	TCGA-A8-A09R-01A-11R-A00Z-07	Primary Tumor	TCGA-A8-A09R	female	A8	Indivumed	stage iib	alive	30196	NA	false	FALSE	Germany	Infiltrating Ductal Carcinoma	Positive	Positive	NA	not reported	1
e0215e64-2787-40c4-a8bc-8c26118bae76	TCGA-E2-A14W-01A-11R-A12D-07	Primary Tumor	TCGA-E2-A14W	male	E2	Roswell Park	stage iia	alive	28664	NA	false	FALSE	None	Infiltrating Ductal Carcinoma	Positive	Positive	NA	not reported	1
29f2019d-5a69-497e-a7ff-73dd35fcaa01	TCGA-BH-A0DG-01A-21R-A12P-07	Primary Tumor	TCGA-BH-A0DG	female	BH	University of Pittsburgh	stage iia	alive	11204	NA	true	FALSE	None	Infiltrating Ductal Carcinoma	Negative	Positive	NA	not reported	1
8b948ed4-41e9-4441-9609-adaf4d3a102e	TCGA-A1-A0SM-01A-11R-A084-07	Primary Tumor	TCGA-A1-A0SM	male	A1	UCSF	stage iia	alive	28198	NA	true	FALSE	United States	Infiltrating Ductal Carcinoma	Negative	Positive	NA	not reported	1
4864018c-b8fd-426f-80e9-14f4adf29557	TCGA-AN-A049-01A-21R-A00Z-07	Primary Tumor	TCGA-AN-A049	female	AN	Cureline	stage iia	alive	22710	NA	true	FALSE	None	Infiltrating Ductal Carcinoma	Positive	Positive	NA	not reported	1
0b10c68d-9ac5-4c64-9233-2eb9c4a8a942	TCGA-BH-A0H7-01A-13R-A056-07	Primary Tumor	TCGA-BH-A0H7	female	BH	University of Pittsburgh	stage iiia	alive	23972	NA	true	FALSE	None	Infiltrating Ductal Carcinoma	Positive	Positive	NA	not reported	1
bd2081d7-90dd-4f9a-89c1-76d4322a1c8e	TCGA-D8-A73X-01A-11R-A32P-07	Primary Tumor	TCGA-D8-A73X	female	D8	Greater Poland Cancer Center	stage iia	alive	19607	NA	false	FALSE	Poland	Other  specify	Positive	Positive	NA	not reported	1
b4604353-ec2d-4ff5-91c1-faedb89f6bc0	TCGA-E2-A14V-01A-11R-A12D-07	Primary Tumor	TCGA-E2-A14V	female	E2	Roswell Park	stage iib	alive	19643	NA	false	FALSE	None	Infiltrating Ductal Carcinoma	Positive	Positive	NA	not reported	1
0c134ddc-fab0-4976-bb6a-8a48cb7ac4a9	TCGA-AC-A3OD-01B-06R-A22O-07	Primary Tumor	TCGA-AC-A3OD	female	AC	International Genomics Consortium	stage iib	alive	25186	NA	false	TRUE	United States	Infiltrating Lobular Carcinoma	Positive	Positive	NA	not reported	1
e21f5a7e-518f-4e33-8930-eb268fc168a4	TCGA-MS-A51U-01A-31R-A266-07	Primary Tumor	TCGA-MS-A51U	female	MS	University of Minnesota	stage iib	alive	16213	NA	true	FALSE	United States	Infiltrating Lobular Carcinoma	Positive	Positive	NA	not reported	1
85853af3-27b0-49e0-9e71-478019ae1fa6	TCGA-E2-A1IO-01A-11R-A144-07	Primary Tumor	TCGA-E2-A1IO	female	E2	Roswell Park	stage i	alive	13671	NA	false	FALSE	None	Infiltrating Ductal Carcinoma	Positive	Positive	NA	not reported	1
ae43ff42-0266-4cd1-8c27-c3a2db9c4f55	TCGA-D8-A1XJ-01A-11R-A14M-07	Primary Tumor	TCGA-D8-A1XJ	female	D8	Greater Poland Cancer Center	stage iiia	alive	27967	NA	false	FALSE	Poland	Other  specify	Positive	Positive	NA	not reported	1
bd351d39-883a-47e8-af88-db0c77a888c8	TCGA-E2-A14O-01A-31R-A115-07	Primary Tumor	TCGA-E2-A14O	female	E2	Roswell Park	stage iiia	alive	27837	NA	false	FALSE	None	Infiltrating Ductal Carcinoma	Positive	Positive	NA	not reported	1
a0b6932b-d530-4b47-b1f5-b8429a3d3d22	TCGA-C8-A138-01A-11R-A115-07	Primary Tumor	TCGA-C8-A138	female	C8	ILSBio	stage iiia	alive	20053	NA	true	FALSE	Vietnam	Infiltrating Ductal Carcinoma	Negative	Positive	NA	not reported	1
fd2f2372-cfc0-4918-a03f-a53974cbfc07	TCGA-A8-A09A-01A-11R-A00Z-07	Primary Tumor	TCGA-A8-A09A	female	A8	Indivumed	stage x	alive	14883	NA	false	FALSE	Germany	Infiltrating Ductal Carcinoma	Positive	Positive	NA	not reported	1
d040ba3e-165d-49fa-89be-1668d24b7294	TCGA-AQ-A04L-01B-21R-A10J-07	Primary Tumor	TCGA-AQ-A04L	female	AQ	UNC 	stage iia	alive	17759	NA	false	FALSE	United States	Infiltrating Ductal Carcinoma	Negative	Positive	NA	not reported	1
ace4837a-dd3a-4668-a67a-d7ba9b51980f	TCGA-E9-A2JT-01A-22R-A18M-07	Primary Tumor	TCGA-E9-A2JT	female	E9	Asterand	stage iia	alive	23318	NA	true	FALSE	Ukraine	Infiltrating Lobular Carcinoma	NA	NA	NA	not reported	1
14bebdf5-7509-4c8b-a944-aed580dffc93	TCGA-A8-A07Z-01A-11R-A00Z-07	Primary Tumor	TCGA-A8-A07Z	female	A8	Indivumed	stage iia	alive	31351	NA	false	FALSE	Germany	Infiltrating Ductal Carcinoma	Positive	Positive	NA	not reported	1
5f3c1dfc-da3d-4194-93b9-fc3349d606ee	TCGA-A1-A0SD-01A-11R-A115-07	Primary Tumor	TCGA-A1-A0SD	female	A1	UCSF	stage iia	alive	21793	NA	true	FALSE	United States	Infiltrating Ductal Carcinoma	Positive	Positive	NA	not reported	1
a82bf67f-6b69-499a-8631-4101be9ba9ab	TCGA-BH-A0W5-01A-11R-A109-07	Primary Tumor	TCGA-BH-A0W5	female	BH	University of Pittsburgh	stage iia	alive	28304	NA	true	FALSE	None	Infiltrating Ductal Carcinoma	Positive	Positive	NA	not reported	1
36f63b8a-5f8d-41ae-958f-8b142feb1a3d	TCGA-D8-A27R-01A-11R-A16F-07	Primary Tumor	TCGA-D8-A27R	female	D8	Greater Poland Cancer Center	stage iiic	alive	15122	NA	false	FALSE	Poland	Infiltrating Ductal Carcinoma	Positive	Positive	NA	not reported	1
0188e5a1-2b0c-4fe3-9280-07052d964bff	TCGA-C8-A273-01A-11R-A16F-07	Primary Tumor	TCGA-C8-A273	female	C8	ILSBio	stage iib	alive	NA	NA	true	FALSE	Vietnam	Infiltrating Ductal Carcinoma	Positive	Positive	NA	not reported	1
775d6b64-4d07-4afb-b227-38ffbd154b4f	TCGA-AN-A0FZ-01A-11R-A034-07	Primary Tumor	TCGA-AN-A0FZ	female	AN	Cureline	stage iiia	alive	16533	NA	false	FALSE	None	Infiltrating Ductal Carcinoma	Negative	Positive	NA	not reported	1
21bfabfe-7c78-4879-bec0-74c0cfd20529	TCGA-E9-A2JS-01A-11R-A180-07	Primary Tumor	TCGA-E9-A2JS	female	E9	Asterand	stage iib	dead	26407	904	true	FALSE	Ukraine	Infiltrating Lobular Carcinoma	NA	NA	NA	not reported	1
444a731f-500e-4c09-8765-d961b0062662	TCGA-AR-A1AX-01A-11R-A12P-07	Primary Tumor	TCGA-AR-A1AX	female	AR	Mayo	stage i	alive	23507	NA	true	FALSE	None	Infiltrating Ductal Carcinoma	Positive	Positive	NA	not reported	1
42dca292-7292-4162-994f-ffbc0102c55e	TCGA-A2-A4S0-01A-21R-A266-07	Primary Tumor	TCGA-A2-A4S0	female	A2	Walter Reed	stage iia	alive	28416	NA	true	FALSE	United States	Mucinous Carcinoma	Positive	Positive	NA	not reported	1
a664b550-4b77-4b1e-bd11-62c4f73073df	TCGA-AC-A23H-01A-11R-A157-07	Primary Tumor	TCGA-AC-A23H	female	AC	International Genomics Consortium	stage iia	dead	32872	174	false	FALSE	United States	Infiltrating Ductal Carcinoma	Negative	Positive	NA	not reported	1
de5d6071-f5f3-4d8d-be76-a49d92014641	TCGA-D8-A1XO-01A-11R-A14M-07	Primary Tumor	TCGA-D8-A1XO	female	D8	Greater Poland Cancer Center	stage iib	alive	20606	NA	false	FALSE	Poland	Infiltrating Lobular Carcinoma	Positive	Positive	NA	not reported	1
714144ba-cb6d-4f15-91a7-e0873ee4dd18	TCGA-A8-A0A1-01A-11R-A00Z-07	Primary Tumor	TCGA-A8-A0A1	female	A8	Indivumed	stage iia	alive	30742	NA	false	FALSE	Germany	Infiltrating Lobular Carcinoma	Positive	Positive	NA	not reported	1
01f79f80-1d82-4b0f-9ad6-c0b611f04b73	TCGA-A2-A0CK-01A-11R-A22K-07	Primary Tumor	TCGA-A2-A0CK	female	A2	Walter Reed	stage iiia	alive	22094	NA	true	FALSE	United States	Infiltrating Lobular Carcinoma	Positive	Positive	NA	not reported	1
e2ab2cad-67a8-47de-a775-8dd9461f1f41	TCGA-A2-A1FZ-01A-51R-A14D-07	Primary Tumor	TCGA-A2-A1FZ	female	A2	Walter Reed	stage iia	alive	23055	NA	true	FALSE	None	Infiltrating Ductal Carcinoma	Positive	Positive	NA	not reported	1
994570f9-404b-471c-a5c3-78e59480dd44	TCGA-C8-A130-01A-31R-A115-07	Primary Tumor	TCGA-C8-A130	female	C8	ILSBio	stage iiia	alive	19117	NA	true	FALSE	Vietnam	Infiltrating Ductal Carcinoma	Positive	Positive	NA	not reported	1
da35f73e-1856-41b6-994e-76919556c971	TCGA-BH-A0HL-01A-11R-A10U-07	Primary Tumor	TCGA-BH-A0HL	female	BH	University of Pittsburgh	stage iib	alive	20804	NA	true	FALSE	None	Infiltrating Ductal Carcinoma	Positive	Positive	NA	not reported	1
59860a22-dcea-4871-8799-6f91a5d9c88c	TCGA-EW-A1P3-01A-11R-A144-07	Primary Tumor	TCGA-EW-A1P3	female	EW	University of Miami	stage iia	alive	17637	NA	true	FALSE	United States	Infiltrating Ductal Carcinoma	Positive	Positive	NA	not reported	1
48023df3-770b-4c9e-9eba-ac5586eda57f	TCGA-D8-A1Y2-01A-11R-A157-07	Primary Tumor	TCGA-D8-A1Y2	female	D8	Greater Poland Cancer Center	stage iia	alive	26021	NA	false	FALSE	Poland	Infiltrating Ductal Carcinoma	Positive	Positive	NA	not reported	1
70bea149-3cb1-4b6b-9b3a-84c6eb88972c	TCGA-BH-A202-01A-11R-A14M-07	Primary Tumor	TCGA-BH-A202	female	BH	University of Pittsburgh	stage ii	alive	22052	NA	true	FALSE	United States	Infiltrating Ductal Carcinoma	Positive	Positive	NA	not reported	1
8731f05e-b6af-4930-97dd-6c933dc91361	TCGA-BH-A0BR-01A-21R-A115-07	Primary Tumor	TCGA-BH-A0BR	female	BH	University of Pittsburgh	stage i	alive	21622	NA	true	FALSE	None	Infiltrating Ductal Carcinoma	Positive	Positive	NA	not reported	1
cdc7df8c-4e6c-4f00-ae33-f3eab6f1d08f	TCGA-BH-A0BD-01A-11R-A034-07	Primary Tumor	TCGA-BH-A0BD	female	BH	University of Pittsburgh	stage iia	alive	17275	NA	true	FALSE	None	Infiltrating Ductal Carcinoma	Positive	Positive	NA	not reported	1
1b75bbe2-56c5-4979-b6f3-2e79c7642057	TCGA-BH-A1F5-01A-12R-A13Q-07	Primary Tumor	TCGA-BH-A1F5	female	BH	University of Pittsburgh	stage iia	dead	22842	2712	true	FALSE	None	Infiltrating Ductal Carcinoma	Positive	Positive	NA	not reported	1
29b6a9ce-d0cc-4c2f-828c-86d840585985	TCGA-OL-A5D6-01A-21R-A27Q-07	Primary Tumor	TCGA-OL-A5D6	female	OL	University of Chicago	stage iia	dead	26052	1104	true	FALSE	United States	Infiltrating Ductal Carcinoma	Negative	Negative	NA	not reported	1
eae50af0-a23b-46c5-a5ae-a4068dda16d9	TCGA-A8-A08B-01A-11R-A00Z-07	Primary Tumor	TCGA-A8-A08B	female	A8	Indivumed	stage iia	alive	19114	NA	false	FALSE	Germany	Infiltrating Ductal Carcinoma	Negative	Positive	NA	not reported	1
30f32969-5278-4066-bb82-7400cdce8807	TCGA-AC-A23G-01A-11R-A213-07	Primary Tumor	TCGA-AC-A23G	female	AC	International Genomics Consortium	stage iia	alive	27934	NA	false	FALSE	United States	Infiltrating Lobular Carcinoma	Positive	Positive	NA	not reported	1
8d53e953-da0b-4734-815b-0cb6dd129827	TCGA-E2-A56Z-01A-12R-A29R-07	Primary Tumor	TCGA-E2-A56Z	female	E2	Roswell Park	stage iib	alive	25282	NA	true	FALSE	United States	Infiltrating Ductal Carcinoma	Positive	Positive	NA	not reported	1
dc2086bf-e50b-49fb-b31e-93b4fdc540fb	TCGA-AO-A0J5-01A-11R-A034-07	Primary Tumor	TCGA-AO-A0J5	female	AO	MSKCC	stage iv	dead	17815	792	true	FALSE	None	Other  specify	Negative	Positive	NA	not reported	1
42c6e250-318f-4b76-825f-886a54e923ea	TCGA-AO-A126-01A-11R-A10J-07	Primary Tumor	TCGA-AO-A126	female	AO	MSKCC	stage iia	alive	14264	NA	true	FALSE	None	Infiltrating Ductal Carcinoma	Positive	Positive	NA	not reported	1
c07800c1-91b6-4612-9831-f4f6fc6cf318	TCGA-BH-A1EW-01A-11R-A137-07	Primary Tumor	TCGA-BH-A1EW	female	BH	University of Pittsburgh	stage iia	dead	14090	1694	true	FALSE	None	Infiltrating Ductal Carcinoma	Negative	Negative	NA	not reported	1
bd9f2a8c-9e65-4aa9-88c9-70dfddedd82e	TCGA-A7-A13G-01A-11R-A13Q-07	Primary Tumor	TCGA-A7-A13G	female	A7	Christiana Healthcare	stage iia	alive	28969	NA	false	FALSE	None	Infiltrating Ductal Carcinoma	Positive	Positive	NA	not reported	1
a8d8311c-73c4-4806-a8ca-d275905fc1ae	TCGA-BH-A0HQ-01A-11R-A034-07	Primary Tumor	TCGA-BH-A0HQ	female	BH	University of Pittsburgh	stage iia	alive	20719	NA	true	FALSE	None	Infiltrating Ductal Carcinoma	Positive	Positive	NA	not reported	1
2cdf0e6a-b2d3-491e-b5bd-7a3121af676d	TCGA-D8-A1JB-01A-11R-A13Q-07	Primary Tumor	TCGA-D8-A1JB	female	D8	Greater Poland Cancer Center	stage iib	alive	19822	NA	false	FALSE	Poland	Infiltrating Ductal Carcinoma	Positive	Positive	NA	not reported	1
0776889f-4558-45a5-ae1c-3d8f23cf4b91	TCGA-A8-A06T-01A-11R-A00Z-07	Primary Tumor	TCGA-A8-A06T	female	A8	Indivumed	stage iiia	alive	27393	NA	false	FALSE	Germany	Infiltrating Ductal Carcinoma	Positive	Positive	NA	not reported	1
4ede70fe-c7cf-4caa-b180-01c5035ecee4	TCGA-E2-A106-01A-11R-A10J-07	Primary Tumor	TCGA-E2-A106	female	E2	Roswell Park	stage ib	alive	12528	NA	false	FALSE	None	Infiltrating Ductal Carcinoma	Positive	Positive	NA	not reported	1
f339e949-a5a1-41d0-907a-d254bac5e0fe	TCGA-AR-A1AM-01A-41R-A22K-07	Primary Tumor	TCGA-AR-A1AM	female	AR	Mayo	stage iiia	alive	19123	NA	true	FALSE	None	Infiltrating Lobular Carcinoma	Positive	Positive	NA	not reported	1
5e3544a8-5ff9-45cc-b4a5-fdf43427e305	TCGA-BH-A18F-01A-11R-A12D-07	Primary Tumor	TCGA-BH-A18F	female	BH	University of Pittsburgh	stage iia	alive	18594	NA	true	FALSE	None	Infiltrating Ductal Carcinoma	Positive	Positive	NA	not reported	1
d330b86e-5373-49b2-87c6-dc5ed2021b45	TCGA-A8-A06N-01A-11R-A00Z-07	Primary Tumor	TCGA-A8-A06N	female	A8	Indivumed	stage iiib	alive	24288	NA	false	FALSE	Germany	Infiltrating Ductal Carcinoma	Negative	Positive	NA	not reported	1
c7feeb6b-05e1-4ebf-8790-4e9060c48367	TCGA-D8-A1Y0-01A-11R-A14M-07	Primary Tumor	TCGA-D8-A1Y0	female	D8	Greater Poland Cancer Center	stage iiia	alive	24083	NA	false	FALSE	Poland	Infiltrating Ductal Carcinoma	Positive	Positive	NA	not reported	1
f0d0e2f8-7c5e-4042-a505-8f17313689c4	TCGA-A2-A0EW-01A-21R-A115-07	Primary Tumor	TCGA-A2-A0EW	female	A2	Walter Reed	stage iiic	dead	19413	1884	true	FALSE	None	Infiltrating Lobular Carcinoma	Positive	Positive	NA	not reported	1
023cb548-c867-4c61-882d-df26e12dc73b	TCGA-A7-A5ZX-01A-12R-A29R-07	Primary Tumor	TCGA-A7-A5ZX	female	A7	Christiana Healthcare	stage iiic	alive	17683	NA	false	FALSE	United States	Infiltrating Lobular Carcinoma	Positive	Positive	NA	not reported	1
6eaf8148-9ef1-4172-a7fe-b9fe7d747796	TCGA-E2-A15L-01A-11R-A12D-07	Primary Tumor	TCGA-E2-A15L	female	E2	Roswell Park	stage iia	alive	23845	NA	false	FALSE	None	Infiltrating Lobular Carcinoma	Positive	Positive	NA	not reported	1
0915dde6-5839-4705-8d9b-b01a6450feb6	TCGA-EW-A1J5-01A-11R-A13Q-07	Primary Tumor	TCGA-EW-A1J5	female	EW	University of Miami	stage iib	alive	21559	NA	true	FALSE	United States	Infiltrating Lobular Carcinoma	Positive	Positive	NA	not reported	1
e0f3fe37-09bd-4be1-8ca9-ea1870f6f1b0	TCGA-BH-A0BA-01A-11R-A056-07	Primary Tumor	TCGA-BH-A0BA	female	BH	University of Pittsburgh	stage iiic	alive	18839	NA	true	FALSE	None	Mixed Histology (please specify)	Positive	Positive	NA	not reported	1
b66df40b-0b1f-4852-983f-a497fc14852f	TCGA-BH-A0C7-01B-11R-A115-07	Primary Tumor	TCGA-BH-A0C7	female	BH	University of Pittsburgh	stage iib	alive	17871	NA	true	FALSE	None	Infiltrating Ductal Carcinoma	Negative	Positive	NA	not reported	1
967618f8-de63-4c4a-bcaf-1d14da44d778	TCGA-AO-A125-01A-11R-A10J-07	Primary Tumor	TCGA-AO-A125	female	AO	MSKCC	stage iia	alive	26466	NA	true	FALSE	None	Other  specify	Positive	Positive	NA	not reported	1
054b5cea-03f3-4747-90bc-12cfbb359393	TCGA-BH-A0AZ-01A-21R-A12P-07	Primary Tumor	TCGA-BH-A0AZ	female	BH	University of Pittsburgh	stage iiia	alive	17465	NA	true	FALSE	None	Infiltrating Ductal Carcinoma	Positive	Positive	NA	not reported	1
d512d7d6-0f5f-484c-a4eb-20fcce53643a	TCGA-E9-A1R4-01A-21R-A14D-07	Primary Tumor	TCGA-E9-A1R4	female	E9	Asterand	stage ia	alive	24181	NA	true	FALSE	Ukraine	Infiltrating Ductal Carcinoma	NA	NA	NA	not reported	1
34a1e6c3-a4c7-4a1d-a707-2d24dd44dbf4	TCGA-EW-A2FR-01A-11R-A21T-07	Primary Tumor	TCGA-EW-A2FR	female	EW	University of Miami	stage iiic	alive	21628	NA	true	FALSE	United States	Infiltrating Ductal Carcinoma	Negative	Negative	NA	not reported	1
933ea2ac-b473-40cd-ba4b-e8ea5c3dea92	TCGA-C8-A26W-01A-11R-A16F-07	Primary Tumor	TCGA-C8-A26W	female	C8	ILSBio	stage iib	alive	21391	NA	true	FALSE	Vietnam	Infiltrating Ductal Carcinoma	Positive	Positive	NA	not reported	1
fb7499a6-0519-4d8a-b424-86c5cf382195	TCGA-D8-A73W-01A-22R-A352-07	Primary Tumor	TCGA-D8-A73W	female	D8	Greater Poland Cancer Center	stage iiia	dead	29125	385	false	FALSE	Poland	Mucinous Carcinoma	Negative	Positive	NA	not reported	1
7abfbcc7-5756-4ef7-8ebf-3345488d21d1	TCGA-E9-A3HO-01A-11R-A213-07	Primary Tumor	TCGA-E9-A3HO	female	E9	Asterand	stage iia	alive	18046	NA	true	FALSE	Ukraine	Infiltrating Lobular Carcinoma	NA	NA	NA	not reported	1
31d88855-e509-48ac-818f-f817ebfb35ab	TCGA-E2-A1B4-01A-11R-A12P-07	Primary Tumor	TCGA-E2-A1B4	female	E2	Roswell Park	stage iiia	dead	27241	1004	true	FALSE	None	Infiltrating Ductal Carcinoma	Positive	Positive	NA	not reported	1
9c7554e5-aecc-4f41-9b1a-5f82541bb4df	TCGA-BH-A1FD-01A-11R-A13Q-07	Primary Tumor	TCGA-BH-A1FD	female	BH	University of Pittsburgh	stage i	dead	24940	1009	true	FALSE	None	Infiltrating Ductal Carcinoma	Positive	Positive	NA	not reported	1
8157c85f-d313-4102-b682-d9c38713bf07	TCGA-BH-A0DS-01A-11R-A056-07	Primary Tumor	TCGA-BH-A0DS	female	BH	University of Pittsburgh	stage iiia	alive	25944	NA	true	FALSE	None	Infiltrating Ductal Carcinoma	Positive	Positive	NA	not reported	1
385ccd40-d009-4185-86b8-a0fd28e5b4c7	TCGA-D8-A141-01A-11R-A115-07	Primary Tumor	TCGA-D8-A141	female	D8	Greater Poland Cancer Center	not reported	alive	14626	NA	false	FALSE	Poland	Infiltrating Ductal Carcinoma	Positive	Positive	NA	not reported	1
8fff7fb0-88c8-4b49-a0cd-a7c0756090e8	TCGA-AR-A0U2-01A-11R-A109-07	Primary Tumor	TCGA-AR-A0U2	female	AR	Mayo	stage iiia	dead	17390	2551	true	FALSE	None	Infiltrating Ductal Carcinoma	Positive	Positive	NA	not reported	1
6a0043eb-58dc-4659-889f-b39bfac57258	TCGA-LD-A66U-01A-11R-A31O-07	Primary Tumor	TCGA-LD-A66U	female	LD	Hartford Hospital	stage iib	alive	16101	NA	true	FALSE	United States	Infiltrating Lobular Carcinoma	Positive	Positive	NA	not reported	1
d0213ff6-3b56-440a-8d5d-53f6e6c70f11	TCGA-AN-A0XP-01A-11R-A109-07	Primary Tumor	TCGA-AN-A0XP	female	AN	Cureline	stage iiia	alive	25305	NA	true	FALSE	None	Infiltrating Ductal Carcinoma	Positive	Positive	NA	not reported	1
8bb1342a-2fed-4cba-ad61-5290a05ab615	TCGA-AC-A3EH-01A-22R-A22K-07	Primary Tumor	TCGA-AC-A3EH	female	AC	International Genomics Consortium	stage iiic	dead	29014	197	false	FALSE	United States	NA	Negative	Positive	NA	not reported	1
ca3879fc-3b0e-457b-ba06-9a3efcfef6b4	TCGA-AN-A0FD-01A-11R-A034-07	Primary Tumor	TCGA-AN-A0FD	female	AN	Cureline	stage iia	alive	26007	NA	false	FALSE	None	Infiltrating Ductal Carcinoma	Positive	Positive	NA	not reported	1
cbcb8c2d-0613-45da-975e-1a0196d38764	TCGA-A8-A093-01A-11R-A00Z-07	Primary Tumor	TCGA-A8-A093	female	A8	Indivumed	stage iia	alive	22373	NA	false	FALSE	Germany	Infiltrating Ductal Carcinoma	Positive	Positive	NA	not reported	1
d0027a32-a9e2-41df-9b47-76bc9fbcdb7c	TCGA-AC-A3YI-01A-21R-A239-07	Primary Tumor	TCGA-AC-A3YI	female	AC	International Genomics Consortium	stage iiic	alive	27143	NA	false	FALSE	United States	Infiltrating Lobular Carcinoma	Positive	Positive	NA	not reported	1
b38ce2eb-7610-45c6-a83e-bbc16a341f79	TCGA-E9-A295-01A-11R-A16F-07	Primary Tumor	TCGA-E9-A295	female	E9	Asterand	stage iia	alive	25957	NA	false	FALSE	Russia	Infiltrating Lobular Carcinoma	Positive	Positive	NA	not reported	1
21821b38-6786-4078-9918-ec0e877c1533	TCGA-E9-A1N6-01A-11R-A144-07	Primary Tumor	TCGA-E9-A1N6	female	E9	Asterand	stage iib	dead	19327	678	true	FALSE	Russia	Infiltrating Ductal Carcinoma	Positive	Positive	NA	not reported	1
50802536-2841-42cf-afd6-4c90151b7e60	TCGA-AR-A24M-01A-11R-A169-07	Primary Tumor	TCGA-AR-A24M	female	AR	Mayo	stage iiia	alive	14119	NA	true	FALSE	United States	Mixed Histology (please specify)	Positive	Positive	NA	not reported	1
c90561af-452d-47ca-bc9b-3a0e1eca417b	TCGA-AR-A24K-01A-11R-A169-07	Primary Tumor	TCGA-AR-A24K	female	AR	Mayo	stage iia	alive	16961	NA	true	FALSE	United States	Infiltrating Ductal Carcinoma	Positive	Positive	NA	not reported	1
10fcdd7e-8103-423d-9b4d-85223d9db75e	TCGA-D8-A3Z6-01A-11R-A239-07	Primary Tumor	TCGA-D8-A3Z6	female	D8	Greater Poland Cancer Center	stage iiic	alive	20629	NA	false	FALSE	Poland	Infiltrating Lobular Carcinoma	Positive	Positive	NA	not reported	1
9bd17808-afdf-4d32-91e7-21e3c5ba3ab7	TCGA-A8-A097-01A-11R-A034-07	Primary Tumor	TCGA-A8-A097	female	A8	Indivumed	stage iib	alive	23741	NA	false	FALSE	Germany	Infiltrating Ductal Carcinoma	Positive	Positive	NA	not reported	1
9aabe7f6-9ea3-41e9-b763-418bada1cf4f	TCGA-C8-A12N-01A-11R-A115-07	Primary Tumor	TCGA-C8-A12N	female	C8	ILSBio	stage iia	alive	21428	NA	true	FALSE	Vietnam	Infiltrating Ductal Carcinoma	Positive	Positive	NA	not reported	1
55a3afe4-8f9f-4faf-92f1-d15a9a562dd8	TCGA-E9-A54Y-01A-11R-A466-07	Primary Tumor	TCGA-E9-A54Y	female	E9	Asterand	stage iiia	alive	23057	NA	true	FALSE	Ukraine	Infiltrating Lobular Carcinoma	Positive	Positive	NA	not reported	1
458922b4-db70-459b-8696-f8dd7b373a77	TCGA-A7-A4SC-01A-12R-A266-07	Primary Tumor	TCGA-A7-A4SC	female	A7	Christiana Healthcare	stage iib	alive	23008	NA	false	FALSE	United States	Infiltrating Lobular Carcinoma	Negative	Positive	NA	not reported	1
f39ff3e3-0636-4949-a0a1-9b6163158bc6	TCGA-AR-A0TZ-01A-12R-A084-07	Primary Tumor	TCGA-AR-A0TZ	female	AR	Mayo	not reported	dead	15720	3262	true	FALSE	None	Infiltrating Ductal Carcinoma	Positive	Positive	NA	not reported	1
3676ff64-9f37-4ee8-84fd-84131dae04a2	TCGA-BH-A0C0-01A-21R-A056-07	Primary Tumor	TCGA-BH-A0C0	female	BH	University of Pittsburgh	stage iia	alive	23006	NA	true	FALSE	None	Infiltrating Ductal Carcinoma	Positive	Positive	NA	not reported	1
4845b96c-4325-44ae-ae47-66aad04fbbcf	TCGA-EW-A1IX-01A-12R-A144-07	Primary Tumor	TCGA-EW-A1IX	female	EW	University of Miami	stage iia	alive	17597	NA	true	FALSE	United States	Other  specify	Positive	Positive	NA	not reported	1
9ed7137b-acec-4eb0-868f-cbfef00ce85e	TCGA-EW-A1P5-01A-11R-A144-07	Primary Tumor	TCGA-EW-A1P5	female	EW	University of Miami	stage iib	alive	28177	NA	true	FALSE	United States	Infiltrating Ductal Carcinoma	Positive	Positive	NA	not reported	1
137fdd43-dc3c-4027-aded-da9d69cf909c	TCGA-A2-A0EM-01A-11R-A034-07	Primary Tumor	TCGA-A2-A0EM	female	A2	Walter Reed	stage ia	alive	26845	NA	true	FALSE	None	Infiltrating Ductal Carcinoma	Positive	Positive	NA	not reported	1
2e769651-670d-4672-bcb7-dcda48db5eb7	TCGA-A7-A26J-01A-11R-A277-07	Primary Tumor	TCGA-A7-A26J	female	A7	Christiana Healthcare	stage iia	alive	17930	NA	false	FALSE	United States	Infiltrating Ductal Carcinoma	Positive	Positive	NA	not reported	1
726c25f1-9651-4d3b-8117-737225b449ef	TCGA-A8-A0AB-01A-11R-A034-07	Primary Tumor	TCGA-A8-A0AB	female	A8	Indivumed	stage iia	alive	19814	NA	false	FALSE	Germany	Infiltrating Lobular Carcinoma	Positive	Positive	NA	not reported	1
ec6f630a-8f81-4170-b41b-97d9e4582b68	TCGA-EW-A6S9-01A-22R-A33J-07	Primary Tumor	TCGA-EW-A6S9	female	EW	University of Miami	stage iia	alive	12755	NA	true	FALSE	United States	Infiltrating Ductal Carcinoma	Positive	Positive	NA	not reported	1
bbe71e31-d998-4559-8bd3-06943c89f492	TCGA-AR-A24V-01A-21R-A169-07	Primary Tumor	TCGA-AR-A24V	female	AR	Mayo	stage iib	alive	19027	NA	true	FALSE	United States	Infiltrating Ductal Carcinoma	Positive	Positive	NA	not reported	1
ffea5a94-3ff5-435d-a24f-ebf0b3674683	TCGA-A2-A0CX-01A-21R-A00Z-07	Primary Tumor	TCGA-A2-A0CX	female	A2	Walter Reed	stage iia	alive	19152	NA	true	FALSE	None	Infiltrating Ductal Carcinoma	Negative	Positive	NA	not reported	1
4ff799d9-202c-4f5a-bd58-495a23b3c39c	TCGA-OL-A5RX-01A-11R-A28M-07	Primary Tumor	TCGA-OL-A5RX	female	OL	University of Chicago	stage ia	alive	18942	NA	true	FALSE	United States	Infiltrating Ductal Carcinoma	Positive	Positive	NA	not reported	1
d2a8a061-6190-42ae-92eb-a145d319edd4	TCGA-A8-A09D-01A-11R-A00Z-07	Primary Tumor	TCGA-A8-A09D	female	A8	Indivumed	stage iib	alive	17440	NA	false	FALSE	Germany	Infiltrating Ductal Carcinoma	Positive	Positive	NA	not reported	1
f86bce61-6748-4f0d-b56a-c30bd71eb2fe	TCGA-LL-A5YM-01A-11R-A28M-07	Primary Tumor	TCGA-LL-A5YM	female	LL	Candler	stage iiib	alive	32478	NA	false	FALSE	United States	Infiltrating Ductal Carcinoma	Positive	Positive	NA	not reported	1
839ec959-1497-45dc-8e46-b5c285215603	TCGA-C8-A3M8-01A-11R-A213-07	Primary Tumor	TCGA-C8-A3M8	female	C8	ILSBio	stage ia	alive	24877	NA	true	FALSE	Vietnam	Infiltrating Lobular Carcinoma	Positive	Positive	NA	not reported	1
f59c167d-5cbe-490c-8320-20f900c3dcb5	TCGA-BH-A0AY-01A-21R-A00Z-07	Primary Tumor	TCGA-BH-A0AY	female	BH	University of Pittsburgh	stage iia	alive	22703	NA	true	FALSE	None	Infiltrating Ductal Carcinoma	Positive	Positive	NA	not reported	1
cc47585f-e1f7-43c0-bd9a-af83fe879e6e	TCGA-AN-A0AK-01A-21R-A00Z-07	Primary Tumor	TCGA-AN-A0AK	female	AN	Cureline	stage iia	alive	27977	NA	false	FALSE	None	Infiltrating Ductal Carcinoma	Negative	Positive	NA	not reported	1
fa4cc864-9edd-4843-88f0-956aaecb53b8	TCGA-E2-A15T-01A-11R-A115-07	Primary Tumor	TCGA-E2-A15T	female	E2	Roswell Park	stage iia	alive	24054	NA	false	FALSE	None	Infiltrating Ductal Carcinoma	Positive	Positive	NA	not reported	1
bcc79c0a-f4d6-48fd-aa37-4e0d1017f443	TCGA-E9-A1NI-01A-11R-A14D-07	Primary Tumor	TCGA-E9-A1NI	female	E9	Asterand	stage iia	alive	18985	NA	true	FALSE	Russia	Mixed Histology (please specify)	Positive	Positive	NA	not reported	1
26e46808-d736-4b6a-ac7e-f638dc5560cd	TCGA-GM-A2DK-01A-21R-A180-07	Primary Tumor	TCGA-GM-A2DK	female	GM	MD Anderson	stage i	alive	21198	NA	false	FALSE	United States	Infiltrating Ductal Carcinoma	Negative	Positive	NA	not reported	1
8b76dba5-6848-499e-9fb3-611dff72123c	TCGA-AR-A1AW-01A-21R-A12P-07	Primary Tumor	TCGA-AR-A1AW	female	AR	Mayo	stage iia	alive	23855	NA	true	FALSE	None	Infiltrating Ductal Carcinoma	Positive	Positive	NA	not reported	1
4348dbe3-3fef-462e-9e08-160c39e5c0d3	TCGA-AO-A0JF-01A-11R-A056-07	Primary Tumor	TCGA-AO-A0JF	female	AO	MSKCC	stage iia	alive	24923	NA	true	FALSE	None	Infiltrating Ductal Carcinoma	Positive	Positive	NA	not reported	1
69b1e110-3733-4afc-b8dd-e21565c65899	TCGA-D8-A27K-01A-11R-A16F-07	Primary Tumor	TCGA-D8-A27K	female	D8	Greater Poland Cancer Center	stage iib	alive	17426	NA	false	FALSE	Poland	Infiltrating Ductal Carcinoma	Positive	Positive	NA	not reported	1
fa75cad0-cab6-464d-8fee-147706c3b6e9	TCGA-BH-A0H6-01A-21R-A056-07	Primary Tumor	TCGA-BH-A0H6	female	BH	University of Pittsburgh	stage i	alive	30125	NA	true	FALSE	None	Infiltrating Ductal Carcinoma	Positive	Positive	NA	not reported	1
79641836-8684-4e1e-a8b1-935a6760cd6f	TCGA-S3-AA14-01A-11R-A41B-07	Primary Tumor	TCGA-S3-AA14	female	S3	Albert Einstein Medical Center	stage i	alive	17352	NA	true	FALSE	United States	Infiltrating Ductal Carcinoma	Positive	Positive	NA	not reported	1
a6cfd821-a749-4d12-8b80-927255aad39d	TCGA-E9-A1NF-01A-11R-A14D-07	Primary Tumor	TCGA-E9-A1NF	female	E9	Asterand	stage iia	dead	21981	1072	true	FALSE	Russia	Mixed Histology (please specify)	Positive	Positive	NA	not reported	1
bf0969ab-4a2e-4890-a215-3a636e6e7731	TCGA-AN-A0FV-01A-11R-A00Z-07	Primary Tumor	TCGA-AN-A0FV	female	AN	Cureline	stage iia	alive	21479	NA	false	FALSE	None	Infiltrating Ductal Carcinoma	Negative	Negative	NA	not reported	1
eacf171d-5259-45ca-ba5b-137a47da4c71	TCGA-BH-A0BM-01A-11R-A056-07	Primary Tumor	TCGA-BH-A0BM	female	BH	University of Pittsburgh	stage iib	alive	20049	NA	true	FALSE	None	Infiltrating Ductal Carcinoma	Negative	Positive	NA	not reported	1
4411941f-9a7c-4bff-86f3-26c959ed849b	TCGA-C8-A133-01A-32R-A12D-07	Primary Tumor	TCGA-C8-A133	female	C8	ILSBio	stage iiia	alive	23922	NA	true	FALSE	Vietnam	Other  specify	Positive	Positive	NA	not reported	1
ae483bd4-01d6-4cdb-bb2c-1763a5101ab7	TCGA-AC-A2FF-01A-11R-A17B-07	Primary Tumor	TCGA-AC-A2FF	female	AC	International Genomics Consortium	stage iib	alive	NA	NA	false	FALSE	United States	Infiltrating Lobular Carcinoma	Positive	Positive	NA	not reported	1
18c5bb3b-fc3b-472c-be3e-4348704befa4	TCGA-A2-A0CW-01A-21R-A115-07	Primary Tumor	TCGA-A2-A0CW	female	A2	Walter Reed	stage iib	alive	24541	NA	true	FALSE	None	Infiltrating Ductal Carcinoma	Positive	Positive	NA	not reported	1
4073d568-6777-45fe-97cd-22d8518fe991	TCGA-AC-A6IV-01A-12R-A33J-07	Primary Tumor	TCGA-AC-A6IV	female	AC	International Genomics Consortium	stage iib	alive	17521	NA	false	FALSE	United States	Infiltrating Lobular Carcinoma	Positive	Positive	NA	not reported	1
a004bafc-36be-4084-8ae6-0094194f9c6a	TCGA-D8-A27I-01A-11R-A16F-07	Primary Tumor	TCGA-D8-A27I	female	D8	Greater Poland Cancer Center	stage iiia	alive	21327	NA	false	FALSE	Poland	Infiltrating Lobular Carcinoma	Positive	Positive	NA	not reported	1
05360705-c0c6-43e1-82f1-db17a4f49038	TCGA-OL-A66J-01A-11R-A29R-07	Primary Tumor	TCGA-OL-A66J	female	OL	University of Chicago	stage i	alive	29345	NA	true	FALSE	United States	Infiltrating Lobular Carcinoma	Positive	Positive	NA	not reported	1
627ceeec-42c0-4104-a134-a6e4a7738bf8	TCGA-AN-A03X-01A-21R-A00Z-07	Primary Tumor	TCGA-AN-A03X	female	AN	Cureline	stage iia	alive	27163	NA	true	FALSE	None	Infiltrating Ductal Carcinoma	Positive	Positive	NA	not reported	1
5e2d5c52-596f-49bc-967c-42129abbacbf	TCGA-AO-A12H-01A-11R-A115-07	Primary Tumor	TCGA-AO-A12H	female	AO	MSKCC	stage iia	alive	25515	NA	true	FALSE	None	Other  specify	Positive	Positive	NA	not reported	1
0273b169-68db-41f4-907b-bdb54f064a0c	TCGA-A8-A084-01A-21R-A00Z-07	Primary Tumor	TCGA-A8-A084	female	A8	Indivumed	stage iib	alive	29858	NA	false	FALSE	Germany	Infiltrating Ductal Carcinoma	Negative	Positive	NA	not reported	1
452e1409-8d75-4cfa-af87-706edf3e8732	TCGA-A2-A0YK-01A-22R-A109-07	Primary Tumor	TCGA-A2-A0YK	female	A2	Walter Reed	stage iia	alive	22625	NA	true	FALSE	None	Infiltrating Lobular Carcinoma	Negative	Positive	NA	not reported	1
b178a8cb-b28c-4fed-a8ae-d4e37ae39261	TCGA-A8-A08O-01A-21R-A056-07	Primary Tumor	TCGA-A8-A08O	female	A8	Indivumed	stage iv	alive	16681	NA	false	FALSE	Germany	Infiltrating Ductal Carcinoma	Positive	Positive	NA	not reported	1
66a84dcb-3211-4a15-84d6-ba0d59faf4e8	TCGA-AR-A1AU-01A-11R-A12P-07	Primary Tumor	TCGA-AR-A1AU	female	AR	Mayo	stage iiia	alive	14564	NA	true	FALSE	None	Infiltrating Ductal Carcinoma	Positive	Positive	NA	not reported	1
37b9f568-aaf0-44b4-92bf-6e257ee6f06b	TCGA-B6-A0IK-01A-12R-A056-07	Primary Tumor	TCGA-B6-A0IK	female	B6	Duke	stage iiib	dead	23150	571	true	FALSE	United States	Infiltrating Ductal Carcinoma	Negative	Negative	NA	not reported	1
17e8321e-7265-486e-8ec8-a5ebb547892d	TCGA-D8-A3Z5-01A-41R-A24H-07	Primary Tumor	TCGA-D8-A3Z5	female	D8	Greater Poland Cancer Center	stage iiic	alive	19846	NA	false	FALSE	Poland	Infiltrating Lobular Carcinoma	Positive	Positive	NA	not reported	1
bdf8a5c4-e7fe-49e5-91a9-6af6f8070adc	TCGA-AO-A12B-01A-11R-A10J-07	Primary Tumor	TCGA-AO-A12B	female	AO	MSKCC	stage iia	alive	23150	NA	true	FALSE	None	Infiltrating Ductal Carcinoma	Positive	Positive	NA	not reported	1
d79925a7-9171-4fb1-a898-9598ca0b58d4	TCGA-BH-A0BF-01A-21R-A12P-07	Primary Tumor	TCGA-BH-A0BF	female	BH	University of Pittsburgh	stage iib	dead	20691	1324	true	FALSE	None	Infiltrating Ductal Carcinoma	Positive	Positive	NA	not reported	1
19b24dc2-5881-4d7f-9cea-c85237ba80db	TCGA-B6-A0WY-01A-11R-A109-07	Primary Tumor	TCGA-B6-A0WY	female	B6	Duke	stage iiia	dead	14778	3461	true	FALSE	United States	Infiltrating Ductal Carcinoma	Negative	Positive	NA	not reported	1
27e40510-f244-482e-983f-bbe4a2f85edf	TCGA-E9-A227-01A-11R-A157-07	Primary Tumor	TCGA-E9-A227	female	E9	Asterand	stage iib	alive	15602	NA	true	FALSE	United States	Infiltrating Ductal Carcinoma	Positive	Positive	NA	not reported	1
0c24c03a-fe76-4fa4-8e63-b3a6f908b256	TCGA-EW-A1J3-01A-11R-A13Q-07	Primary Tumor	TCGA-EW-A1J3	female	EW	University of Miami	stage ia	alive	22332	NA	true	FALSE	United States	Infiltrating Lobular Carcinoma	Positive	Positive	NA	not reported	1
73835c8d-60bb-4001-80c6-2a7afd8709af	TCGA-C8-A12U-01A-11R-A115-07	Primary Tumor	TCGA-C8-A12U	female	C8	ILSBio	stage iib	alive	17045	NA	true	FALSE	Vietnam	Infiltrating Ductal Carcinoma	Positive	Positive	NA	not reported	1
0034ecfd-ca94-4615-94d2-e950a2b240ed	TCGA-AC-A2QI-01A-12R-A19W-07	Primary Tumor	TCGA-AC-A2QI	female	AC	International Genomics Consortium	stage iiia	alive	27865	NA	false	FALSE	United States	Infiltrating Lobular Carcinoma	Negative	Positive	NA	not reported	1
e08f0600-73c6-4144-8af5-ec31097f0e74	TCGA-LD-A7W5-01A-22R-A352-07	Primary Tumor	TCGA-LD-A7W5	female	LD	Hartford Hospital	stage iiic	alive	19169	NA	true	FALSE	United States	Infiltrating Ductal Carcinoma	Positive	Positive	NA	not reported	1
86bcff5a-f4d4-43d3-810b-1b32832e541f	TCGA-BH-A0HB-01A-11R-A056-07	Primary Tumor	TCGA-BH-A0HB	female	BH	University of Pittsburgh	stage ia	alive	20448	NA	true	FALSE	None	Infiltrating Ductal Carcinoma	Positive	Positive	NA	not reported	1
10f2c028-06c5-4560-9a52-dd76a227b891	TCGA-BH-A28Q-01A-11R-A16F-07	Primary Tumor	TCGA-BH-A28Q	female	BH	University of Pittsburgh	stage iib	alive	16882	NA	true	FALSE	United States	Infiltrating Lobular Carcinoma	Positive	Positive	NA	not reported	1
e286f56a-1719-409f-823c-da63da424f68	TCGA-A1-A0SG-01A-11R-A144-07	Primary Tumor	TCGA-A1-A0SG	female	A1	UCSF	stage iib	alive	22380	NA	true	FALSE	United States	Other  specify	Positive	Positive	NA	not reported	1
88cd8f3f-5158-4e98-aba0-1abffcea5ff5	TCGA-D8-A1JN-01A-11R-A13Q-07	Primary Tumor	TCGA-D8-A1JN	female	D8	Greater Poland Cancer Center	stage iiic	alive	29331	NA	false	FALSE	Poland	Infiltrating Lobular Carcinoma	Positive	Positive	NA	not reported	1
c1e11d37-82aa-444e-9b51-18bc378761a8	TCGA-EW-A1J1-01A-11R-A13Q-07	Primary Tumor	TCGA-EW-A1J1	female	EW	University of Miami	stage iib	alive	14122	NA	true	FALSE	United States	Infiltrating Ductal Carcinoma	Positive	Positive	NA	not reported	1
a65773c1-18d0-4f48-85e1-380338b66c7d	TCGA-BH-A0E7-01A-11R-A034-07	Primary Tumor	TCGA-BH-A0E7	female	BH	University of Pittsburgh	stage iib	alive	29115	NA	true	FALSE	None	Infiltrating Ductal Carcinoma	Positive	Positive	NA	not reported	1
08ef1297-be9e-4f71-b565-0552389144f0	TCGA-B6-A2IU-01A-32R-A18M-07	Primary Tumor	TCGA-B6-A2IU	female	B6	Duke	stage iia	alive	22905	NA	true	FALSE	United States	Infiltrating Lobular Carcinoma	Positive	Positive	NA	not reported	1
3551ea04-99f5-4748-8304-6a63e77ae756	TCGA-D8-A27P-01A-11R-A16F-07	Primary Tumor	TCGA-D8-A27P	female	D8	Greater Poland Cancer Center	stage ia	alive	23576	NA	false	FALSE	Poland	Infiltrating Ductal Carcinoma	Positive	Positive	NA	not reported	1
108e4f62-aa05-4297-9bc2-2fb82d687349	TCGA-AO-A03L-01A-41R-A056-07	Primary Tumor	TCGA-AO-A03L	female	AO	MSKCC	stage iiia	alive	12443	NA	true	FALSE	None	Infiltrating Ductal Carcinoma	Positive	Positive	NA	not reported	1
1d6b448c-1d01-4a8c-8417-b094ec2d562e	TCGA-A7-A3J1-01A-11R-A213-07	Primary Tumor	TCGA-A7-A3J1	female	A7	Christiana Healthcare	stage ia	alive	23209	NA	false	FALSE	United States	Infiltrating Lobular Carcinoma	Positive	Positive	NA	not reported	1
8751d026-849b-44ed-933b-fd9b80de329e	TCGA-AC-A4ZE-01A-11R-A41B-07	Primary Tumor	TCGA-AC-A4ZE	female	AC	International Genomics Consortium	stage iib	alive	23284	NA	false	FALSE	United States	NA	Positive	Positive	NA	not reported	1
7ded1dfa-7de2-4ee0-9dc7-3518d98addf2	TCGA-AR-A0U3-01A-11R-A109-07	Primary Tumor	TCGA-AR-A0U3	female	AR	Mayo	stage iib	alive	21755	NA	true	FALSE	None	Infiltrating Ductal Carcinoma	Positive	Positive	NA	not reported	1
7ebc9015-6907-4467-9468-bc1b57c9b24e	TCGA-D8-A1JJ-01A-31R-A14M-07	Primary Tumor	TCGA-D8-A1JJ	female	D8	Greater Poland Cancer Center	stage iia	alive	19966	NA	false	FALSE	Poland	Infiltrating Ductal Carcinoma	Positive	Positive	NA	not reported	1
85380a2d-9951-4d4b-a2a4-6f5f2afc54e3	TCGA-A7-A26E-01A-11R-A169-07	Primary Tumor	TCGA-A7-A26E	female	A7	Christiana Healthcare	stage iiia	alive	26274	NA	false	FALSE	United States	Infiltrating Lobular Carcinoma	Positive	Positive	NA	not reported	1
22fab44a-f4ae-46ac-be4c-b16b3e9509fc	TCGA-AC-A3QQ-01A-11R-A22K-07	Primary Tumor	TCGA-AC-A3QQ	female	AC	International Genomics Consortium	stage ia	alive	19723	NA	true	FALSE	United States	NA	Positive	Positive	NA	not reported	1
ff3769db-0958-4f3e-aea8-db70149d0a67	TCGA-OL-A66H-01A-11R-A29R-07	Primary Tumor	TCGA-OL-A66H	female	OL	University of Chicago	stage ib	alive	NA	NA	true	FALSE	United States	Mucinous Carcinoma	Positive	Positive	NA	not reported	1
49b4cdad-26fb-4b62-aea7-7db13f13c389	TCGA-BH-A18M-01A-11R-A12D-07	Primary Tumor	TCGA-BH-A18M	female	BH	University of Pittsburgh	stage iiia	dead	14532	2207	true	FALSE	None	Infiltrating Ductal Carcinoma	Positive	Positive	NA	not reported	1
fe3d3c9b-7f30-4359-9904-48612503f531	TCGA-XX-A899-01A-11R-A36F-07	Primary Tumor	TCGA-XX-A899	female	XX	Spectrum Health	stage iiia	alive	17022	NA	false	FALSE	United States	Infiltrating Lobular Carcinoma	Positive	Positive	NA	not reported	1
b5f328db-3d7d-4b9a-a5e1-639f07865f23	TCGA-C8-A1HI-01A-11R-A137-07	Primary Tumor	TCGA-C8-A1HI	female	C8	ILSBio	stage iiia	alive	NA	NA	true	FALSE	Vietnam	Infiltrating Ductal Carcinoma	Positive	Positive	NA	not reported	1
50a7a07e-b452-466d-97bf-978c4f9c47da	TCGA-D8-A27V-01A-12R-A17B-07	Primary Tumor	TCGA-D8-A27V	female	D8	Greater Poland Cancer Center	stage iia	alive	22958	NA	false	FALSE	Poland	Infiltrating Lobular Carcinoma	Positive	Positive	NA	not reported	1
454383cb-3cb3-4b8c-8078-a2ec27139d33	TCGA-BH-A18H-01A-11R-A12D-07	Primary Tumor	TCGA-BH-A18H	female	BH	University of Pittsburgh	stage ia	alive	23065	NA	true	FALSE	None	Infiltrating Ductal Carcinoma	Positive	Positive	NA	not reported	1
c2864531-cbf6-41a1-87dc-d166ebf8b962	TCGA-BH-A18S-01A-11R-A12D-07	Primary Tumor	TCGA-BH-A18S	female	BH	University of Pittsburgh	stage i	dead	28974	2009	true	FALSE	None	Mucinous Carcinoma	Positive	Positive	NA	not reported	1
0783ff5e-f78d-49ac-8f8e-fc27c3673f81	TCGA-A2-A0YI-01A-31R-A10J-07	Primary Tumor	TCGA-A2-A0YI	female	A2	Walter Reed	stage i	alive	22961	NA	true	FALSE	None	Infiltrating Ductal Carcinoma	Positive	Positive	NA	not reported	1
b9f42e36-78e1-4bb8-93a8-18264a48e8e2	TCGA-AC-A8OP-01A-11R-A36F-07	Primary Tumor	TCGA-AC-A8OP	female	AC	International Genomics Consortium	stage ia	alive	26550	NA	false	FALSE	United States	Infiltrating Ductal Carcinoma	Positive	Positive	NA	not reported	1
1ed844b9-60e2-4e6b-aec1-6b9489147a54	TCGA-AR-A24T-01A-11R-A169-07	Primary Tumor	TCGA-AR-A24T	female	AR	Mayo	stage iiic	alive	17135	NA	true	FALSE	United States	Infiltrating Lobular Carcinoma	Positive	Positive	NA	not reported	1
8b67d4ef-bca7-4184-86c3-9dd50b8dc2c3	TCGA-E2-A1IK-01A-11R-A144-07	Primary Tumor	TCGA-E2-A1IK	female	E2	Roswell Park	stage iia	alive	26052	NA	false	FALSE	None	Infiltrating Ductal Carcinoma	Positive	Positive	NA	not reported	1
3508f4b0-1ada-4937-b924-424ac2596341	TCGA-AN-A0XT-01A-11R-A109-07	Primary Tumor	TCGA-AN-A0XT	female	AN	Cureline	stage iiia	alive	19794	NA	true	FALSE	None	Infiltrating Ductal Carcinoma	Negative	Positive	NA	not reported	1
03c22fb8-0643-48fb-a09a-6119f722c09a	TCGA-GI-A2C8-01A-11R-A16F-07	Primary Tumor	TCGA-GI-A2C8	female	GI	ABS - IUPUI	stage iiib	alive	23103	NA	false	FALSE	United States	Infiltrating Ductal Carcinoma	Positive	Positive	NA	not reported	1
2c527579-8b48-49b4-8383-8c084c046c62	TCGA-D8-A1XS-01A-11R-A14M-07	Primary Tumor	TCGA-D8-A1XS	male	D8	Greater Poland Cancer Center	stage iiic	alive	17708	NA	false	FALSE	Poland	Other  specify	Positive	Positive	NA	not reported	1
e4673254-c59f-4c2d-bf1d-de6f7464a287	TCGA-AO-A03M-01B-11R-A10J-07	Primary Tumor	TCGA-AO-A03M	female	AO	MSKCC	stage i	alive	10616	NA	true	FALSE	None	Infiltrating Ductal Carcinoma	Positive	Positive	NA	not reported	1
26d52822-b295-4864-a6ac-0ebf1c368cc4	TCGA-BH-A0B7-01A-12R-A115-07	Primary Tumor	TCGA-BH-A0B7	female	BH	University of Pittsburgh	stage iib	alive	15593	NA	true	FALSE	None	Infiltrating Ductal Carcinoma	Positive	Positive	NA	not reported	1
ddda0800-c911-4d1c-b10b-7df641b31c4a	TCGA-A8-A06Y-01A-21R-A00Z-07	Primary Tumor	TCGA-A8-A06Y	female	A8	Indivumed	stage iia	alive	24442	NA	false	FALSE	Germany	Infiltrating Ductal Carcinoma	Positive	Positive	NA	not reported	1
47ac991e-2472-4613-a0f0-fc4cad42bb9d	TCGA-D8-A1J8-01A-11R-A13Q-07	Primary Tumor	TCGA-D8-A1J8	female	D8	Greater Poland Cancer Center	stage iib	alive	28444	NA	false	FALSE	Poland	Infiltrating Ductal Carcinoma	Positive	Positive	NA	not reported	1
703ea797-79e6-4ace-8717-ff1f3a9bb888	TCGA-E2-A1IN-01A-11R-A13Q-07	Primary Tumor	TCGA-E2-A1IN	female	E2	Roswell Park	stage i	alive	22199	NA	false	FALSE	None	Infiltrating Ductal Carcinoma	Positive	Positive	NA	not reported	1
32275981-2069-4fbc-b0f5-8b879dd13efd	TCGA-AR-A2LN-01A-21R-A18M-07	Primary Tumor	TCGA-AR-A2LN	female	AR	Mayo	stage iia	alive	23992	NA	true	FALSE	United States	Infiltrating Lobular Carcinoma	Positive	Positive	NA	not reported	1
a4967738-7fc2-4270-a149-56e459edb875	TCGA-A2-A3KD-01A-12R-A213-07	Primary Tumor	TCGA-A2-A3KD	female	A2	Walter Reed	stage iiia	alive	17372	NA	true	FALSE	United States	Mucinous Carcinoma	Positive	Positive	NA	not reported	1
d3e2d033-1203-4844-8559-aa34763d37b6	TCGA-D8-A1Y1-01A-21R-A14M-07	Primary Tumor	TCGA-D8-A1Y1	female	D8	Greater Poland Cancer Center	stage iiia	dead	29474	302	false	FALSE	Poland	Infiltrating Ductal Carcinoma	Positive	Positive	NA	not reported	1
e6901976-2075-463c-828d-8df924efc78e	TCGA-BH-A1EY-01A-11R-A13Q-07	Primary Tumor	TCGA-BH-A1EY	female	BH	University of Pittsburgh	stage iia	dead	28940	538	true	FALSE	None	Infiltrating Ductal Carcinoma	Positive	Positive	NA	not reported	1
8865e079-d8ab-406c-8886-c854f1a26201	TCGA-E9-A5UP-01A-11R-A28M-07	Primary Tumor	TCGA-E9-A5UP	female	E9	Asterand	stage iia	alive	23371	NA	true	FALSE	Ukraine	Other  specify	NA	NA	NA	not reported	1
8631ada8-2cda-42f7-927e-76a24efa128d	TCGA-E2-A156-01A-11R-A12D-07	Primary Tumor	TCGA-E2-A156	female	E2	Roswell Park	stage i	alive	22422	NA	false	FALSE	None	Infiltrating Ductal Carcinoma	Positive	Positive	NA	not reported	1
3092736f-4661-4e1f-94d5-666e795017db	TCGA-A8-A090-01A-11R-A00Z-07	Primary Tumor	TCGA-A8-A090	female	A8	Indivumed	stage iia	alive	27121	NA	false	FALSE	Germany	Infiltrating Ductal Carcinoma	Positive	Positive	NA	not reported	1
d0920958-b342-4844-9fd6-93f3784cf5a4	TCGA-E9-A54X-01A-11R-A266-07	Primary Tumor	TCGA-E9-A54X	female	E9	Asterand	stage ia	alive	31173	NA	true	FALSE	Ukraine	Mucinous Carcinoma	Positive	Positive	NA	not reported	1
f2b501a8-2cc2-47ad-995e-4627ae10b398	TCGA-BH-A0BJ-01A-11R-A056-07	Primary Tumor	TCGA-BH-A0BJ	female	BH	University of Pittsburgh	stage iib	alive	15027	NA	true	FALSE	None	Infiltrating Ductal Carcinoma	Positive	Positive	NA	not reported	1
b350ce03-64ac-44f5-8438-b7b8dc3a962f	TCGA-BH-A0HW-01A-11R-A034-07	Primary Tumor	TCGA-BH-A0HW	female	BH	University of Pittsburgh	stage ia	alive	22962	NA	true	FALSE	None	Infiltrating Ductal Carcinoma	Negative	Positive	NA	not reported	1
989000d0-fba6-4af0-9fbb-1a0949a29425	TCGA-BH-A5J0-01A-11R-A27Q-07	Primary Tumor	TCGA-BH-A5J0	female	BH	University of Pittsburgh	stage ia	alive	23072	NA	true	FALSE	United States	Infiltrating Ductal Carcinoma	Positive	Positive	NA	not reported	1
fa17e3dc-118f-4cd8-a79b-236a3776cca5	TCGA-A8-A09V-01A-11R-A034-07	Primary Tumor	TCGA-A8-A09V	female	A8	Indivumed	stage iia	alive	18628	NA	false	FALSE	Germany	Infiltrating Lobular Carcinoma	Positive	Positive	NA	not reported	1
62317c69-f03b-4622-b4bd-a99b88d3f665	TCGA-A2-A1FV-01A-11R-A13Q-07	Primary Tumor	TCGA-A2-A1FV	female	A2	Walter Reed	stage iib	alive	27287	NA	true	FALSE	None	Infiltrating Lobular Carcinoma	Positive	Positive	NA	not reported	1
2e3250b0-d754-475f-be22-9ac2d0c5558d	TCGA-AC-A5EH-01A-11R-A28M-07	Primary Tumor	TCGA-AC-A5EH	female	AC	International Genomics Consortium	stage iib	alive	27964	NA	false	FALSE	United States	NA	Negative	Positive	NA	not reported	1
ef1c5f5b-ee6e-41a3-b6ce-5b0321d7d742	TCGA-BH-A0E9-01B-11R-A115-07	Primary Tumor	TCGA-BH-A0E9	female	BH	University of Pittsburgh	stage iib	alive	19415	NA	true	FALSE	None	Infiltrating Lobular Carcinoma	Positive	Positive	NA	not reported	1
0a770cd6-c9b1-4cc4-9e31-1f8a820c5c1f	TCGA-EW-A1PC-01B-11R-A21T-07	Primary Tumor	TCGA-EW-A1PC	female	EW	University of Miami	stage iib	alive	24434	NA	true	FALSE	United States	Infiltrating Ductal Carcinoma	Positive	Positive	NA	not reported	1
e61e01b8-3719-4ae2-a906-8d963eaad309	TCGA-E2-A14S-01A-11R-A12D-07	Primary Tumor	TCGA-E2-A14S	female	E2	Roswell Park	stage i	alive	23878	NA	false	FALSE	None	Infiltrating Ductal Carcinoma	Positive	Positive	NA	not reported	1
cdec90ec-016b-4c68-82aa-7ee297188b03	TCGA-Z7-A8R5-01A-42R-A41B-07	Primary Tumor	TCGA-Z7-A8R5	female	Z7	John Wayne Cancer Center	stage iiia	alive	22280	NA	true	FALSE	United States	Infiltrating Lobular Carcinoma	Positive	Positive	NA	not reported	1
d59ae55d-eb0f-40a8-ac23-5f14d3bb3df9	TCGA-A2-A25D-01A-12R-A16F-07	Primary Tumor	TCGA-A2-A25D	female	A2	Walter Reed	stage iiic	alive	32872	NA	true	FALSE	United States	Infiltrating Lobular Carcinoma	Negative	Positive	NA	not reported	1
4a052df5-38bb-4e2f-87bb-bbde3c959304	TCGA-B6-A0WZ-01A-11R-A109-07	Primary Tumor	TCGA-B6-A0WZ	female	B6	Duke	stage ii	alive	18584	NA	true	FALSE	United States	Infiltrating Ductal Carcinoma	Positive	Positive	NA	not reported	1
b83fd35b-e997-4a3c-828b-3c90248b23f0	TCGA-A8-A06R-01A-11R-A00Z-07	Primary Tumor	TCGA-A8-A06R	female	A8	Indivumed	stage iib	alive	25477	NA	false	FALSE	Germany	Infiltrating Ductal Carcinoma	Negative	Positive	NA	not reported	1
072bac5f-4e09-4831-9c32-f42b94c4b30d	TCGA-B6-A1KI-01A-11R-A14M-07	Primary Tumor	TCGA-B6-A1KI	female	B6	Duke	stage i	alive	23031	NA	true	FALSE	United States	Infiltrating Ductal Carcinoma	Positive	Positive	NA	not reported	1
83f80e90-6546-4545-8b4e-f1bcecf77362	TCGA-BH-A1ET-01A-11R-A137-07	Primary Tumor	TCGA-BH-A1ET	female	BH	University of Pittsburgh	stage i	dead	20425	2520	true	FALSE	None	Infiltrating Ductal Carcinoma	Positive	Positive	NA	not reported	1
8d0796cc-648d-4264-ada1-fd4e9dfb8c02	TCGA-A7-A56D-01A-11R-A27Q-07	Primary Tumor	TCGA-A7-A56D	female	A7	Christiana Healthcare	stage iia	alive	30783	NA	false	FALSE	United States	Infiltrating Ductal Carcinoma	Positive	Positive	NA	not reported	1
cc7ddd96-a901-4a85-8869-0c7be002ae5d	TCGA-AR-A24L-01A-11R-A169-07	Primary Tumor	TCGA-AR-A24L	female	AR	Mayo	stage iib	dead	9706	2866	true	FALSE	United States	Infiltrating Ductal Carcinoma	Positive	Positive	NA	not reported	1
842b272a-9f51-4919-b7c1-a16a2f410b57	TCGA-GM-A2DC-01A-11R-A18M-07	Primary Tumor	TCGA-GM-A2DC	female	GM	MD Anderson	stage iia	alive	21122	NA	false	FALSE	United States	Infiltrating Ductal Carcinoma	Positive	Positive	NA	not reported	1
2b35585d-b48f-4b09-aab7-d1130afab763	TCGA-A2-A0YL-01A-21R-A109-07	Primary Tumor	TCGA-A2-A0YL	female	A2	Walter Reed	stage iiia	alive	17702	NA	true	FALSE	None	Infiltrating Lobular Carcinoma	Positive	Positive	NA	not reported	1
44047435-3e87-473a-9231-b61fb0d5045b	TCGA-AR-A24Z-01A-11R-A169-07	Primary Tumor	TCGA-AR-A24Z	female	AR	Mayo	stage iia	alive	20900	NA	true	FALSE	United States	Infiltrating Ductal Carcinoma	Positive	Positive	NA	not reported	1
cb8e1e32-91db-4b35-9556-f6537f64bcbe	TCGA-E9-A1RB-01A-11R-A157-07	Primary Tumor	TCGA-E9-A1RB	female	E9	Asterand	stage iia	dead	14755	976	true	FALSE	Ukraine	Infiltrating Ductal Carcinoma	NA	NA	NA	not reported	1
c8d64135-1b75-428a-8c75-351d32009eac	TCGA-BH-A1F2-01A-31R-A13Q-07	Primary Tumor	TCGA-BH-A1F2	female	BH	University of Pittsburgh	stage iiib	dead	19701	959	true	FALSE	None	Infiltrating Ductal Carcinoma	Positive	Positive	NA	not reported	1
ef51ed0e-46ed-4ab0-9504-9f3b8fcd36f2	TCGA-AO-A1KP-01A-11R-A13Q-07	Primary Tumor	TCGA-AO-A1KP	female	AO	MSKCC	stage iia	alive	28247	NA	true	FALSE	United States	Infiltrating Ductal Carcinoma	Positive	Positive	NA	not reported	1
e1ffc76b-1f86-4776-a6de-a488c5a1261d	TCGA-A8-A0A2-01A-11R-A034-07	Primary Tumor	TCGA-A8-A0A2	female	A8	Indivumed	stage iia	alive	24380	NA	false	FALSE	Germany	Infiltrating Lobular Carcinoma	Positive	Positive	NA	not reported	1
74707daa-fe40-4d28-ad49-0d1c5465c253	TCGA-AR-A5QP-01A-11R-A28M-07	Primary Tumor	TCGA-AR-A5QP	female	AR	Mayo	stage iib	alive	19805	NA	true	FALSE	United States	Infiltrating Lobular Carcinoma	Positive	Positive	NA	not reported	1
788e4f7f-7641-461a-b6d5-65f76c2fa4dc	TCGA-A2-A04V-01A-21R-A034-07	Primary Tumor	TCGA-A2-A04V	female	A2	Walter Reed	stage iia	dead	14250	1920	true	FALSE	None	Infiltrating Ductal Carcinoma	Positive	Positive	NA	not reported	1
3d669a28-e601-4579-a05d-8c58b76587a6	TCGA-A7-A4SB-01A-21R-A266-07	Primary Tumor	TCGA-A7-A4SB	female	A7	Christiana Healthcare	stage iiia	alive	20539	NA	false	FALSE	United States	Infiltrating Lobular Carcinoma	Positive	Positive	NA	not reported	1
bc2b278c-8924-41fe-8641-d5e39e5795aa	TCGA-A8-A09T-01A-11R-A00Z-07	Primary Tumor	TCGA-A8-A09T	female	A8	Indivumed	not reported	alive	25110	NA	false	FALSE	Germany	Infiltrating Lobular Carcinoma	Positive	Positive	NA	not reported	1
aa0783ef-ea84-4b0b-8ea5-1600a85c9ab3	TCGA-E2-A155-01A-11R-A12D-07	Primary Tumor	TCGA-E2-A155	female	E2	Roswell Park	stage iib	alive	21348	NA	false	FALSE	None	Infiltrating Ductal Carcinoma	Negative	Positive	NA	not reported	1
88fcc5d7-dc8f-4349-b809-dc6764f48748	TCGA-D8-A1XF-01A-11R-A14D-07	Primary Tumor	TCGA-D8-A1XF	female	D8	Greater Poland Cancer Center	stage iia	alive	16787	NA	false	FALSE	Poland	Infiltrating Ductal Carcinoma	Positive	Positive	NA	not reported	1
34ac430e-2cbf-4047-9a9c-210e7ae24f55	TCGA-D8-A140-01A-11R-A115-07	Primary Tumor	TCGA-D8-A140	female	D8	Greater Poland Cancer Center	stage iib	alive	22900	NA	false	FALSE	Poland	Infiltrating Ductal Carcinoma	Positive	Positive	NA	not reported	1
fdbd24ed-a293-4f84-a418-8ab531750e9a	TCGA-A2-A0CS-01A-11R-A115-07	Primary Tumor	TCGA-A2-A0CS	female	A2	Walter Reed	stage iv	dead	26817	2348	true	FALSE	None	Infiltrating Ductal Carcinoma	Positive	Positive	NA	not reported	1
de7b88c3-e78d-42d2-97ba-1fa023e46539	TCGA-A8-A09G-01A-21R-A00Z-07	Primary Tumor	TCGA-A8-A09G	female	A8	Indivumed	stage iiic	alive	29006	NA	false	FALSE	Germany	Infiltrating Ductal Carcinoma	Negative	Positive	NA	not reported	1
efa7715f-aa27-4c5c-88b2-0c6b838de496	TCGA-A2-A0SY-01A-31R-A084-07	Primary Tumor	TCGA-A2-A0SY	female	A2	Walter Reed	stage iiia	alive	22928	NA	true	FALSE	None	Infiltrating Lobular Carcinoma	Positive	Positive	NA	not reported	1
4e92867a-7834-45df-aae7-a680ef37cd1d	TCGA-A2-A0T6-01A-11R-A084-07	Primary Tumor	TCGA-A2-A0T6	female	A2	Walter Reed	stage iib	alive	18334	NA	true	FALSE	None	Infiltrating Lobular Carcinoma	Positive	Positive	NA	not reported	1
f454329b-0b6c-49a4-8336-8d6dc0e2d95f	TCGA-AR-A24X-01A-11R-A169-07	Primary Tumor	TCGA-AR-A24X	female	AR	Mayo	stage iia	alive	19030	NA	true	FALSE	United States	Mixed Histology (please specify)	Positive	Positive	NA	not reported	1
ec9dd1b9-15aa-441d-8d80-d32f663b3a5c	TCGA-A2-A0T3-01A-21R-A115-07	Primary Tumor	TCGA-A2-A0T3	female	A2	Walter Reed	stage ib	alive	13680	NA	true	FALSE	None	Infiltrating Ductal Carcinoma	Positive	Positive	NA	not reported	1
61ae67d5-e167-4e32-9fce-27db9c48bd65	TCGA-GM-A5PV-01A-11R-A28M-07	Primary Tumor	TCGA-GM-A5PV	female	GM	MD Anderson	stage iib	alive	23215	NA	false	FALSE	United States	Infiltrating Lobular Carcinoma	Positive	Positive	NA	not reported	1
c2d1befc-422c-46a1-857a-13eb87f0657c	TCGA-E9-A1NG-01A-21R-A14M-07	Primary Tumor	TCGA-E9-A1NG	female	E9	Asterand	stage iia	dead	22896	786	true	FALSE	Russia	Infiltrating Ductal Carcinoma	Positive	Positive	NA	not reported	1
e9a9b482-a15b-493b-891c-387e2f327751	TCGA-UL-AAZ6-01A-11R-A41B-07	Primary Tumor	TCGA-UL-AAZ6	female	UL	 Boston Medical Center	stage iia	alive	26999	NA	true	FALSE	United States	Infiltrating Ductal Carcinoma	Positive	Positive	NA	not reported	1
cf1267f2-a3e9-446a-ae7f-9c8b9fd67ca5	TCGA-A8-A08H-01A-21R-A00Z-07	Primary Tumor	TCGA-A8-A08H	female	A8	Indivumed	stage iia	alive	24137	NA	false	FALSE	Germany	Infiltrating Ductal Carcinoma	Positive	Positive	NA	not reported	1
d44498fc-61f6-493a-aa1b-8ce9424c2b2e	TCGA-AO-A03R-01A-21R-A034-07	Primary Tumor	TCGA-AO-A03R	female	AO	MSKCC	stage iib	alive	20930	NA	true	FALSE	None	Infiltrating Ductal Carcinoma	Positive	Positive	NA	not reported	1
5537e19f-1361-447e-b207-329363f9f777	TCGA-BH-A0DI-01A-21R-A12P-07	Primary Tumor	TCGA-BH-A0DI	female	BH	University of Pittsburgh	stage iib	alive	23327	NA	true	FALSE	None	Infiltrating Ductal Carcinoma	Positive	Positive	NA	not reported	1
1b8dfe86-a00f-48ae-8956-377f5812ff35	TCGA-B6-A0RH-01A-21R-A115-07	Primary Tumor	TCGA-B6-A0RH	female	B6	Duke	stage iia	dead	18759	6456	true	FALSE	United States	Infiltrating Ductal Carcinoma	Positive	Positive	NA	not reported	1
2a9ed6f1-3f93-43cf-9e47-6690781e1009	TCGA-AN-A0FJ-01A-11R-A00Z-07	Primary Tumor	TCGA-AN-A0FJ	female	AN	Cureline	stage iv	alive	21910	NA	false	FALSE	None	Infiltrating Ductal Carcinoma	Negative	Positive	NA	not reported	2
0ac5f4b6-c269-4dac-9f84-8ddcb5227823	TCGA-E9-A248-01A-11R-A169-07	Primary Tumor	TCGA-E9-A248	female	E9	Asterand	stage iia	alive	18684	NA	true	FALSE	Ukraine	Infiltrating Ductal Carcinoma	NA	NA	NA	not reported	2
6cf498ba-46d9-451f-b65a-e649964e5d25	TCGA-E2-A1B6-01A-31R-A12P-07	Primary Tumor	TCGA-E2-A1B6	female	E2	Roswell Park	stage iia	alive	16370	NA	true	FALSE	None	Infiltrating Ductal Carcinoma	Negative	Negative	NA	not reported	2
3d4d1fa7-da4f-44cd-aa52-b8963cd61f31	TCGA-E9-A1N8-01A-11R-A144-07	Primary Tumor	TCGA-E9-A1N8	female	E9	Asterand	stage iia	alive	17652	NA	true	FALSE	Russia	Infiltrating Ductal Carcinoma	NA	Negative	NA	not reported	2
421e2607-50fa-4260-bd10-c37fcb7d063f	TCGA-C8-A12P-01A-11R-A115-07	Primary Tumor	TCGA-C8-A12P	female	C8	ILSBio	stage iib	alive	20332	NA	true	FALSE	Vietnam	Infiltrating Ductal Carcinoma	Negative	Negative	NA	not reported	2
2b231d54-66bc-4f57-bd7d-944f5460cb48	TCGA-A8-A07R-01A-21R-A034-07	Primary Tumor	TCGA-A8-A07R	female	A8	Indivumed	stage iiic	alive	29251	NA	false	FALSE	Germany	Infiltrating Ductal Carcinoma	Negative	Negative	NA	not reported	2
c90142d8-f939-4fea-bc48-073d2814f54e	TCGA-BH-A18G-01A-11R-A12D-07	Primary Tumor	TCGA-BH-A18G	female	BH	University of Pittsburgh	stage ia	alive	29820	NA	true	FALSE	None	Infiltrating Ductal Carcinoma	Negative	Negative	NA	not reported	2
a907f2d1-92ad-4a1b-b439-20e5a7347d5b	TCGA-A7-A26F-01A-21R-A169-07	Primary Tumor	TCGA-A7-A26F	female	A7	Christiana Healthcare	stage ia	alive	20210	NA	false	FALSE	United States	Other  specify	Negative	Negative	NA	not reported	2
f69372c0-9da5-469c-ba81-e5b3da5e605c	TCGA-B6-A3ZX-01A-11R-A239-07	Primary Tumor	TCGA-B6-A3ZX	female	B6	Duke	stage iv	dead	18434	1152	true	FALSE	United States	Mixed Histology (please specify)	Negative	Negative	NA	not reported	2
52bc932e-fe9b-49ff-8584-2f92e61d5871	TCGA-AC-A2BK-01A-11R-A21T-07	Primary Tumor	TCGA-AC-A2BK	female	AC	International Genomics Consortium	stage iiia	alive	28625	NA	false	FALSE	United States	Infiltrating Ductal Carcinoma	Negative	Negative	NA	not reported	2
9f992be8-400e-4230-ac42-e5483b4a5f7f	TCGA-AN-A0AR-01A-11R-A00Z-07	Primary Tumor	TCGA-AN-A0AR	female	AN	Cureline	stage iia	alive	20152	NA	false	FALSE	None	Infiltrating Ductal Carcinoma	Negative	Negative	NA	not reported	2
c25b6919-5dc7-4a8a-97b0-8ee5128b868a	TCGA-LL-A5YP-01A-21R-A28M-07	Primary Tumor	TCGA-LL-A5YP	female	LL	Candler	stage iib	alive	18041	NA	false	FALSE	United States	Infiltrating Ductal Carcinoma	Negative	Positive	NA	not reported	2
2d82baf3-62a1-4b94-a806-f044b8595db6	TCGA-A2-A04Q-01A-21R-A034-07	Primary Tumor	TCGA-A2-A04Q	female	A2	Walter Reed	stage ia	alive	17660	NA	true	FALSE	None	Infiltrating Ductal Carcinoma	Negative	Negative	NA	not reported	2
64d0958d-ef53-43ec-8167-390d957485c4	TCGA-A2-A0CM-01A-31R-A034-07	Primary Tumor	TCGA-A2-A0CM	female	A2	Walter Reed	stage iia	dead	14969	754	true	FALSE	None	Infiltrating Ductal Carcinoma	Negative	Negative	NA	not reported	2
5643f725-6510-4fb3-9faa-44b3124a9ad6	TCGA-A7-A26G-01A-21R-A169-07	Primary Tumor	TCGA-A7-A26G	female	A7	Christiana Healthcare	stage iia	alive	18362	NA	false	FALSE	United States	Other  specify	Negative	Negative	NA	not reported	2
827f1f4b-1468-4079-abe1-f07a511f98e1	TCGA-AO-A1KR-01A-12R-A144-07	Primary Tumor	TCGA-AO-A1KR	female	AO	MSKCC	stage iia	alive	18900	NA	true	FALSE	United States	Infiltrating Ductal Carcinoma	Negative	Negative	NA	not reported	2
58bc4857-6a34-4bfb-91c0-0c35fb9169ed	TCGA-BH-A1F0-01A-11R-A137-07	Primary Tumor	TCGA-BH-A1F0	female	BH	University of Pittsburgh	stage iia	dead	29335	785	true	FALSE	None	Infiltrating Ductal Carcinoma	Indeterminate	Negative	NA	not reported	2
08eca7af-fea6-4691-99d9-ec626d5bb4fa	TCGA-C8-A12L-01A-11R-A115-07	Primary Tumor	TCGA-C8-A12L	female	C8	ILSBio	stage iia	alive	24710	NA	true	FALSE	Vietnam	Infiltrating Ductal Carcinoma	Negative	Negative	NA	not reported	2
d8be3484-c0f6-40bd-a9e2-d9f3f2ec47fb	TCGA-GM-A2DB-01A-31R-A18M-07	Primary Tumor	TCGA-GM-A2DB	female	GM	MD Anderson	stage iia	alive	22883	NA	false	FALSE	United States	Infiltrating Ductal Carcinoma	Negative	Negative	NA	not reported	2
d7d72329-a22b-459f-a617-e1c72b8f4c02	TCGA-A7-A26I-01A-11R-A169-07	Primary Tumor	TCGA-A7-A26I	female	A7	Christiana Healthcare	stage iia	alive	23948	NA	false	FALSE	United States	Infiltrating Ductal Carcinoma	Negative	Negative	NA	not reported	2
f1099b84-fe2a-419c-9948-d0754c1af902	TCGA-A7-A13E-01B-06R-A277-07	Primary Tumor	TCGA-A7-A13E	female	A7	Christiana Healthcare	stage iib	dead	22690	614	false	TRUE	None	Infiltrating Ductal Carcinoma	Negative	Positive	NA	not reported	2
e6281a02-850b-405e-af4d-e79967552f0a	TCGA-B6-A1KF-01A-11R-A13Q-07	Primary Tumor	TCGA-B6-A1KF	female	B6	Duke	stage iib	alive	24891	NA	true	FALSE	United States	Infiltrating Ductal Carcinoma	Negative	Negative	NA	not reported	2
1f5ef98f-2bf9-4c93-8d68-72d9ca67480a	TCGA-BH-A0E6-01A-11R-A034-07	Primary Tumor	TCGA-BH-A0E6	female	BH	University of Pittsburgh	stage ia	alive	25408	NA	true	FALSE	None	Infiltrating Ductal Carcinoma	Negative	Negative	NA	not reported	2
27a2d405-3fe3-45ca-8150-f0567e310512	TCGA-C8-A27B-01A-11R-A169-07	Primary Tumor	TCGA-C8-A27B	female	C8	ILSBio	stage iib	alive	17763	NA	true	FALSE	Vietnam	Infiltrating Ductal Carcinoma	Negative	Negative	NA	not reported	2
8a9c0b95-4830-45c3-a596-75c2f22cfa14	TCGA-B6-A0IQ-01A-11R-A034-07	Primary Tumor	TCGA-B6-A0IQ	female	B6	Duke	stage iiia	alive	14669	NA	true	FALSE	United States	Infiltrating Ductal Carcinoma	Negative	Negative	NA	not reported	2
4d112bd8-1a35-43cb-896a-16f48147811b	TCGA-B6-A0IJ-01A-11R-A034-07	Primary Tumor	TCGA-B6-A0IJ	female	B6	Duke	stage iib	alive	15625	NA	true	FALSE	United States	Infiltrating Ductal Carcinoma	Positive	Positive	NA	not reported	2
aa615303-6416-4ec6-b803-9cf6054c321d	TCGA-BH-A6R9-01A-21R-A32P-07	Primary Tumor	TCGA-BH-A6R9	female	BH	University of Pittsburgh	stage iia	alive	22325	NA	true	FALSE	United States	Metaplastic Carcinoma	Positive	Negative	NA	not reported	2
b6e47b05-afe9-41b5-b040-7fbcc62d4720	TCGA-E2-A14X-01A-11R-A115-07	Primary Tumor	TCGA-E2-A14X	female	E2	Roswell Park	stage iiia	alive	20105	NA	false	FALSE	None	Infiltrating Ductal Carcinoma	Negative	Negative	NA	not reported	2
15c85716-4be3-43a8-9f61-2929c600c828	TCGA-A2-A4RX-01A-11R-A266-07	Primary Tumor	TCGA-A2-A4RX	female	A2	Walter Reed	stage iia	alive	24779	NA	true	FALSE	United States	Metaplastic Carcinoma	Positive	Positive	NA	not reported	2
0a60e43d-2bdb-4dc1-b9f3-336c89c2272f	TCGA-A1-A0SO-01A-22R-A084-07	Primary Tumor	TCGA-A1-A0SO	female	A1	UCSF	stage iib	alive	24826	NA	true	FALSE	United States	Infiltrating Ductal Carcinoma	Negative	Negative	NA	not reported	2
3f2d803b-fed0-4eb7-9058-d67d10cb3532	TCGA-AC-A6IW-01A-12R-A33J-07	Primary Tumor	TCGA-AC-A6IW	female	AC	International Genomics Consortium	stage iia	alive	26896	NA	false	FALSE	United States	Infiltrating Ductal Carcinoma	Negative	Negative	NA	not reported	2
82a7523d-02c1-4f75-956a-b95519dd7547	TCGA-E9-A5FL-01A-11R-A27Q-07	Primary Tumor	TCGA-E9-A5FL	female	E9	Asterand	stage iib	alive	24053	NA	true	FALSE	Ukraine	Metaplastic Carcinoma	Negative	Negative	NA	not reported	2
2f879a27-186a-4134-8f08-cc885134564b	TCGA-AR-A1AJ-01A-21R-A12P-07	Primary Tumor	TCGA-AR-A1AJ	female	AR	Mayo	stage i	alive	30489	NA	true	FALSE	None	Infiltrating Ductal Carcinoma	Negative	Positive	NA	not reported	2
4c14d929-c320-43ea-95bf-781c3eda174c	TCGA-BH-A18T-01A-11R-A12D-07	Primary Tumor	TCGA-BH-A18T	female	BH	University of Pittsburgh	stage iia	dead	25674	224	true	FALSE	None	Infiltrating Ductal Carcinoma	Negative	Negative	NA	not reported	2
da98a67c-f11f-41d3-8223-1161ebff8b58	TCGA-A1-A0SB-01A-11R-A144-07	Primary Tumor	TCGA-A1-A0SB	female	A1	UCSF	stage i	alive	25833	NA	true	FALSE	United States	Other  specify	Negative	Positive	NA	not reported	2
8c0e3f5d-e5f0-4b6f-85db-a18cfba08758	TCGA-OL-A5RW-01A-11R-A28M-07	Primary Tumor	TCGA-OL-A5RW	female	OL	University of Chicago	stage iia	alive	14638	NA	true	FALSE	United States	Infiltrating Ductal Carcinoma	Negative	Negative	NA	not reported	2
0375efb7-6afa-416e-96fa-c9a69ad7e95d	TCGA-B6-A0I6-01A-11R-A034-07	Primary Tumor	TCGA-B6-A0I6	female	B6	Duke	stage iia	dead	18014	991	true	FALSE	United States	Infiltrating Ductal Carcinoma	Negative	Negative	NA	not reported	2
76af5aba-5a99-4c9b-8ac0-19f902fd887d	TCGA-A8-A07U-01A-11R-A034-07	Primary Tumor	TCGA-A8-A07U	female	A8	Indivumed	stage iiia	alive	24411	NA	false	FALSE	Germany	Infiltrating Ductal Carcinoma	Positive	Negative	NA	not reported	2
9bbada51-d827-4eea-af45-47d7b5ba137e	TCGA-E9-A244-01A-11R-A169-07	Primary Tumor	TCGA-E9-A244	female	E9	Asterand	stage iia	alive	19778	NA	true	FALSE	Ukraine	Infiltrating Ductal Carcinoma	NA	NA	NA	not reported	2
93152eec-61ab-4578-b668-fe503c1cbf8b	TCGA-A7-A26I-01B-06R-A22O-07	Primary Tumor	TCGA-A7-A26I	female	A7	Christiana Healthcare	stage iia	alive	23948	NA	false	TRUE	United States	Infiltrating Ductal Carcinoma	Negative	Negative	NA	not reported	2
8d6e5037-8602-4a3f-a580-3f319aeeec8b	TCGA-A2-A3XX-01A-21R-A239-07	Primary Tumor	TCGA-A2-A3XX	female	A2	Walter Reed	stage iia	dead	17981	1439	true	FALSE	United States	Infiltrating Ductal Carcinoma	Negative	Negative	NA	not reported	2
c392b91b-1f08-4e33-9ab7-42ec0fce3b92	TCGA-AN-A0AT-01A-11R-A034-07	Primary Tumor	TCGA-AN-A0AT	female	AN	Cureline	stage iia	alive	22798	NA	false	FALSE	None	Infiltrating Ductal Carcinoma	Negative	Negative	NA	not reported	2
f014eca8-aa22-432c-b1ef-3113728b8899	TCGA-D8-A143-01A-11R-A115-07	Primary Tumor	TCGA-D8-A143	female	D8	Greater Poland Cancer Center	stage iia	alive	18984	NA	false	FALSE	Poland	Infiltrating Ductal Carcinoma	Negative	Negative	NA	not reported	2
30774cd0-6f55-4e04-ae96-dbd729702499	TCGA-B6-A400-01A-11R-A239-07	Primary Tumor	TCGA-B6-A400	female	B6	Duke	stage iiia	alive	16022	NA	true	FALSE	United States	Infiltrating Ductal Carcinoma	Negative	Negative	NA	not reported	2
a7589115-6759-41f5-acda-185369ae599e	TCGA-B6-A0X1-01A-11R-A109-07	Primary Tumor	TCGA-B6-A0X1	female	B6	Duke	not reported	dead	17624	7455	true	FALSE	United States	Infiltrating Ductal Carcinoma	Negative	Negative	NA	not reported	2
164252dd-3294-4420-86f1-44c4344039ae	TCGA-C8-A12K-01A-21R-A115-07	Primary Tumor	TCGA-C8-A12K	female	C8	ILSBio	stage iib	alive	29463	NA	true	FALSE	Vietnam	Infiltrating Ductal Carcinoma	NA	NA	NA	not reported	2
57dabe72-0950-4301-be03-262f3916dbb1	TCGA-A1-A0SK-01A-12R-A084-07	Primary Tumor	TCGA-A1-A0SK	female	A1	UCSF	stage iia	dead	20048	967	true	FALSE	United States	Other  specify	Negative	Negative	NA	not reported	2
9efb4d56-8ada-4280-bb76-b5746e4335b8	TCGA-EW-A1PH-01A-11R-A14M-07	Primary Tumor	TCGA-EW-A1PH	female	EW	University of Miami	stage iia	alive	19073	NA	true	FALSE	United States	Infiltrating Ductal Carcinoma	Negative	Negative	NA	not reported	2
842f6668-669f-4e7d-89f6-f6da627297b8	TCGA-LL-A73Y-01A-11R-A33J-07	Primary Tumor	TCGA-LL-A73Y	female	LL	Candler	stage ia	alive	24647	NA	false	FALSE	United States	Infiltrating Ductal Carcinoma	Negative	Negative	NA	not reported	2
0f8369f0-a35f-4327-8f7e-cc089c899fc8	TCGA-AR-A1AQ-01A-11R-A12P-07	Primary Tumor	TCGA-AR-A1AQ	female	AR	Mayo	stage iia	alive	18109	NA	true	FALSE	None	Infiltrating Ductal Carcinoma	Negative	Negative	NA	not reported	2
10d5bc48-f79a-4487-b5d0-2d6c98a9f4dd	TCGA-A7-A0DA-01A-31R-A115-07	Primary Tumor	TCGA-A7-A0DA	female	A7	Christiana Healthcare	stage iia	alive	22708	NA	false	FALSE	None	Infiltrating Ductal Carcinoma	Negative	Negative	NA	not reported	2
8287f5aa-d863-4918-abe8-d2ec2859b8df	TCGA-A7-A26I-01A-11R-A169-07	Primary Tumor	TCGA-A7-A26I	female	A7	Christiana Healthcare	stage iia	alive	23948	NA	false	FALSE	United States	Infiltrating Ductal Carcinoma	Negative	Negative	NA	not reported	2
c4ebe992-1682-4f4c-b05c-5a47d2c673e3	TCGA-A8-A08X-01A-21R-A00Z-07	Primary Tumor	TCGA-A8-A08X	female	A8	Indivumed	stage iiic	alive	15705	NA	false	FALSE	Germany	Infiltrating Ductal Carcinoma	Negative	Negative	NA	not reported	2
483beb1b-6edd-4954-8324-ba2e7cb8a9e8	TCGA-AN-A0AL-01A-11R-A00Z-07	Primary Tumor	TCGA-AN-A0AL	female	AN	Cureline	stage iiib	alive	15286	NA	false	FALSE	None	Infiltrating Ductal Carcinoma	Negative	Negative	NA	not reported	2
3e751a3d-573e-42e1-a361-6303669fb7eb	TCGA-A2-A0D0-01A-11R-A00Z-07	Primary Tumor	TCGA-A2-A0D0	female	A2	Walter Reed	stage iia	alive	22115	NA	true	FALSE	None	Infiltrating Ductal Carcinoma	Negative	Negative	NA	not reported	2
d7ff2e3a-5472-4413-8c28-0cd76e3c2ffc	TCGA-D8-A147-01A-11R-A115-07	Primary Tumor	TCGA-D8-A147	female	D8	Greater Poland Cancer Center	not reported	alive	16736	NA	false	FALSE	Poland	Infiltrating Ductal Carcinoma	Negative	Negative	NA	not reported	2
096c96df-4740-40c0-864c-3873ccc57afe	TCGA-E2-A1II-01A-11R-A144-07	Primary Tumor	TCGA-E2-A1II	female	E2	Roswell Park	stage i	alive	18788	NA	false	FALSE	None	Infiltrating Ductal Carcinoma	Positive	Negative	NA	not reported	2
8a72416e-242b-4482-921e-88fdae3c17ff	TCGA-UU-A93S-01A-21R-A41B-07	Primary Tumor	TCGA-UU-A93S	female	UU	Mary Bird Perkins Cancer Center - Our Lady of the Lake	stage iv	dead	23278	116	true	FALSE	United States	Infiltrating Ductal Carcinoma	Negative	Negative	NA	not reported	2
a9237a7a-3c6c-44e7-b2a9-b2e4b1a45b07	TCGA-A7-A6VV-01A-22R-A33J-07	Primary Tumor	TCGA-A7-A6VV	female	A7	Christiana Healthcare	stage iia	alive	18695	NA	false	FALSE	United States	Infiltrating Ductal Carcinoma	Negative	Negative	NA	not reported	2
91714b41-6550-4638-bc95-bd9bd8163f37	TCGA-E2-A1LG-01A-21R-A14M-07	Primary Tumor	TCGA-E2-A1LG	female	E2	Roswell Park	stage iia	alive	18492	NA	false	FALSE	United States	Infiltrating Lobular Carcinoma	Negative	Negative	NA	not reported	2
6a2e15d6-5304-4d3e-a18c-bac86e50133f	TCGA-S3-AA0Z-01A-11R-A41B-07	Primary Tumor	TCGA-S3-AA0Z	female	S3	Albert Einstein Medical Center	stage iib	alive	23314	NA	true	FALSE	United States	Infiltrating Ductal Carcinoma	Positive	Positive	NA	not reported	2
2bb0e784-10fc-4978-b5f3-bfc197438175	TCGA-B6-A0RE-01A-11R-A056-07	Primary Tumor	TCGA-B6-A0RE	female	B6	Duke	stage x	alive	22449	NA	true	FALSE	United States	Infiltrating Ductal Carcinoma	Negative	Negative	NA	not reported	2
fbb65b75-a831-4616-8d6b-adba825a228d	TCGA-A2-A4S1-01A-21R-A266-07	Primary Tumor	TCGA-A2-A4S1	female	A2	Walter Reed	stage iia	alive	24353	NA	true	FALSE	United States	Metaplastic Carcinoma	Negative	Positive	NA	not reported	2
9d74471e-2f64-42aa-9d51-339a4d7ea49b	TCGA-D8-A142-01A-11R-A115-07	Primary Tumor	TCGA-D8-A142	female	D8	Greater Poland Cancer Center	stage iib	alive	27313	NA	false	FALSE	Poland	Infiltrating Ductal Carcinoma	Negative	Negative	NA	not reported	2
20eaa6bd-ad88-4b32-915c-efd54c7ac0de	TCGA-A2-A0CY-01A-12R-A034-07	Primary Tumor	TCGA-A2-A0CY	female	A2	Walter Reed	stage iib	alive	23229	NA	true	FALSE	None	Infiltrating Ductal Carcinoma	Positive	Positive	NA	not reported	2
95598eda-ba98-4c1d-951b-131e149989e1	TCGA-AR-A1AY-01A-21R-A12P-07	Primary Tumor	TCGA-AR-A1AY	female	AR	Mayo	stage i	alive	23927	NA	true	FALSE	None	Infiltrating Ductal Carcinoma	Negative	Negative	NA	not reported	2
4637f6a3-9e07-4ac4-be5a-c893a27c8fe2	TCGA-A7-A13D-01B-04R-A277-07	Primary Tumor	TCGA-A7-A13D	female	A7	Christiana Healthcare	stage iia	alive	17070	NA	false	TRUE	None	Infiltrating Ductal Carcinoma	Positive	Negative	NA	not reported	2
d1b716e8-e4d4-4089-b46a-9892a8be55f5	TCGA-E2-A14Y-01A-21R-A12D-07	Primary Tumor	TCGA-E2-A14Y	female	E2	Roswell Park	stage iia	alive	13004	NA	false	FALSE	None	Infiltrating Ductal Carcinoma	Positive	Positive	NA	not reported	2
44daefc1-eb50-4fad-98db-7724c1e2c201	TCGA-B6-A0I1-01A-11R-A21T-07	Primary Tumor	TCGA-B6-A0I1	female	B6	Duke	stage iia	dead	26902	2361	true	FALSE	United States	Infiltrating Ductal Carcinoma	Negative	Negative	NA	not reported	2
c873b5a2-5ecd-4421-9d57-321eba5d1f02	TCGA-AC-A2QH-01B-04R-A22O-07	Primary Tumor	TCGA-AC-A2QH	female	AC	International Genomics Consortium	stage iib	alive	21488	NA	false	TRUE	United States	Metaplastic Carcinoma	Negative	Negative	NA	not reported	2
0fa547f8-cedf-46ac-9d8f-5498dfb6ea06	TCGA-AC-A2QH-01A-11R-A18M-07	Primary Tumor	TCGA-AC-A2QH	female	AC	International Genomics Consortium	stage iib	alive	21488	NA	false	FALSE	United States	Metaplastic Carcinoma	Negative	Negative	NA	not reported	2
6588314e-69e9-44dc-b7d0-0966c1833608	TCGA-BH-A0B3-01A-11R-A056-07	Primary Tumor	TCGA-BH-A0B3	female	BH	University of Pittsburgh	stage iib	alive	19479	NA	true	FALSE	None	Infiltrating Ductal Carcinoma	Negative	Negative	NA	not reported	2
39ecb041-7ba9-428b-8d8b-44a06d50e309	TCGA-C8-A1HJ-01A-11R-A13Q-07	Primary Tumor	TCGA-C8-A1HJ	female	C8	ILSBio	stage iia	alive	19629	NA	true	FALSE	Vietnam	Infiltrating Ductal Carcinoma	Negative	Negative	NA	not reported	2
1ca20860-4a2e-4d34-a479-5b56facc2c0a	TCGA-EW-A1PB-01A-11R-A144-07	Primary Tumor	TCGA-EW-A1PB	female	EW	University of Miami	stage iiia	alive	25770	NA	true	FALSE	United States	Infiltrating Ductal Carcinoma	Negative	Negative	NA	not reported	2
4afbad57-ec36-4887-9c26-70a4564c520c	TCGA-A7-A26I-01B-06R-A22O-07	Primary Tumor	TCGA-A7-A26I	female	A7	Christiana Healthcare	stage iia	alive	23948	NA	false	TRUE	United States	Infiltrating Ductal Carcinoma	Negative	Negative	NA	not reported	2
181a26d8-ad25-40e5-9703-66d771b42b13	TCGA-EW-A6SB-01A-12R-A32P-07	Primary Tumor	TCGA-EW-A6SB	female	EW	University of Miami	stage ii	alive	22844	NA	true	FALSE	United States	Infiltrating Ductal Carcinoma	Negative	Negative	NA	not reported	2
8a397cf1-08c5-4772-9dd6-9c4b6fdece1c	TCGA-BH-A0BG-01A-11R-A115-07	Primary Tumor	TCGA-BH-A0BG	female	BH	University of Pittsburgh	stage i	alive	26988	NA	true	FALSE	None	Infiltrating Ductal Carcinoma	Negative	Negative	NA	not reported	2
8999059b-74b5-4388-afdb-457c9fd24421	TCGA-A7-A13D-01A-13R-A277-07	Primary Tumor	TCGA-A7-A13D	female	A7	Christiana Healthcare	stage iia	alive	17070	NA	false	FALSE	None	Infiltrating Ductal Carcinoma	Positive	Negative	NA	not reported	2
46384059-8ee2-4c89-8a48-cddeaa10ea26	TCGA-E2-A158-01A-11R-A12D-07	Primary Tumor	TCGA-E2-A158	female	E2	Roswell Park	stage iia	alive	15903	NA	false	FALSE	None	Infiltrating Ductal Carcinoma	Negative	Negative	NA	not reported	2
417cb3fa-2125-42ce-a638-51952c81dc2b	TCGA-BH-A0E0-01A-11R-A056-07	Primary Tumor	TCGA-BH-A0E0	female	BH	University of Pittsburgh	stage iiic	alive	14175	NA	true	FALSE	None	Infiltrating Ductal Carcinoma	Negative	Negative	NA	not reported	2
eae06b7b-48b0-47d6-9263-0f92eda3652c	TCGA-A8-A07C-01A-11R-A034-07	Primary Tumor	TCGA-A8-A07C	female	A8	Indivumed	stage iia	alive	20820	NA	false	FALSE	Germany	Infiltrating Ductal Carcinoma	Negative	Negative	NA	not reported	2
9121500e-1757-4024-963b-2d875e66932f	TCGA-GM-A3XL-01A-11R-A22U-07	Primary Tumor	TCGA-GM-A3XL	female	GM	MD Anderson	stage iia	alive	18171	NA	false	FALSE	United States	Infiltrating Ductal Carcinoma	Negative	Negative	NA	not reported	2
6aa999cb-5d78-463b-9068-720c09eb9d34	TCGA-AC-A2QH-01B-04R-A22O-07	Primary Tumor	TCGA-AC-A2QH	female	AC	International Genomics Consortium	stage iib	alive	21488	NA	false	TRUE	United States	Metaplastic Carcinoma	Negative	Negative	NA	not reported	2
c0ff6201-9bfd-4c95-9770-b122d8206c3d	TCGA-D8-A27F-01A-11R-A16F-07	Primary Tumor	TCGA-D8-A27F	female	D8	Greater Poland Cancer Center	stage iia	alive	14731	NA	false	FALSE	Poland	Infiltrating Ductal Carcinoma	Negative	Negative	NA	not reported	2
dc7c1407-1b5f-4827-b319-810babcb9a3e	TCGA-E2-A1B0-01A-11R-A12P-07	Primary Tumor	TCGA-E2-A1B0	female	E2	Roswell Park	stage iiia	alive	18346	NA	true	FALSE	None	Infiltrating Ductal Carcinoma	Negative	Negative	NA	not reported	2
97195e98-3256-464d-89a2-f025edc38c43	TCGA-OL-A66I-01A-21R-A29R-07	Primary Tumor	TCGA-OL-A66I	female	OL	University of Chicago	stage iia	alive	13458	NA	true	FALSE	United States	Infiltrating Ductal Carcinoma	Negative	Negative	NA	not reported	2
17ca0dc6-8ff2-4d03-adf7-b12ac8c5da44	TCGA-E2-A1LI-01A-12R-A157-07	Primary Tumor	TCGA-E2-A1LI	female	E2	Roswell Park	stage iib	alive	21064	NA	false	FALSE	United States	Infiltrating Ductal Carcinoma	Negative	Negative	NA	not reported	2
d92aef7c-fa39-4d0a-b003-9067a7f2d14a	TCGA-D8-A1XQ-01A-11R-A14M-07	Primary Tumor	TCGA-D8-A1XQ	female	D8	Greater Poland Cancer Center	stage iia	alive	25345	NA	false	FALSE	Poland	Infiltrating Ductal Carcinoma	Negative	Negative	NA	not reported	2
fe646ed8-aa01-4cf1-bff4-1e9198e13a4b	TCGA-E2-A150-01A-11R-A12D-07	Primary Tumor	TCGA-E2-A150	female	E2	Roswell Park	stage iia	alive	17580	NA	false	FALSE	None	Infiltrating Ductal Carcinoma	Negative	Negative	NA	not reported	2
cfd5c33b-c102-4f62-b34d-c178342ceb4d	TCGA-E2-A1LH-01A-11R-A14D-07	Primary Tumor	TCGA-E2-A1LH	female	E2	Roswell Park	stage i	alive	21628	NA	false	FALSE	United States	Infiltrating Ductal Carcinoma	Negative	Negative	NA	not reported	2
1d94d213-147d-478a-8e66-767d5c5b044d	TCGA-A1-A0SP-01A-11R-A084-07	Primary Tumor	TCGA-A1-A0SP	female	A1	UCSF	stage iia	alive	14954	NA	true	FALSE	United States	Infiltrating Ductal Carcinoma	Negative	Negative	NA	not reported	2
55fee8d3-acd5-4366-ac30-c66225debe4d	TCGA-B6-A0WX-01A-11R-A109-07	Primary Tumor	TCGA-B6-A0WX	female	B6	Duke	stage iiia	dead	14784	639	true	FALSE	United States	Other  specify	Negative	Negative	NA	not reported	2
3df0cb8f-4559-40ce-bcf4-4b038929fb4e	TCGA-A7-A13D-01A-13R-A12P-07	Primary Tumor	TCGA-A7-A13D	female	A7	Christiana Healthcare	stage iia	alive	17070	NA	false	FALSE	None	Infiltrating Ductal Carcinoma	Positive	Negative	NA	not reported	2
a745888d-3960-494d-9bbb-296f515aec54	TCGA-AR-A1AH-01A-11R-A12D-07	Primary Tumor	TCGA-AR-A1AH	female	AR	Mayo	stage iib	alive	18991	NA	true	FALSE	None	Infiltrating Ductal Carcinoma	Negative	Positive	NA	not reported	2
0eddef62-9e5a-4ed7-a319-9462514bd162	TCGA-E2-A14R-01A-11R-A115-07	Primary Tumor	TCGA-E2-A14R	female	E2	Roswell Park	stage iia	alive	22686	NA	false	FALSE	None	Infiltrating Ductal Carcinoma	Negative	Negative	NA	not reported	2
59705c6b-02f5-4e49-ae4c-f2510112fe67	TCGA-A2-A1G1-01A-21R-A13Q-07	Primary Tumor	TCGA-A2-A1G1	female	A2	Walter Reed	stage iib	alive	31223	NA	true	FALSE	None	Infiltrating Ductal Carcinoma	Negative	Negative	NA	not reported	2
734f18ad-2dd7-4d08-896a-d7558806c46a	TCGA-B6-A409-01A-11R-A24H-07	Primary Tumor	TCGA-B6-A409	female	B6	Duke	stage iiia	dead	16178	573	true	FALSE	United States	Infiltrating Ductal Carcinoma	Negative	Negative	NA	not reported	2
5b527fb2-9de2-419a-9f62-989333449f6c	TCGA-BH-A0WA-01A-11R-A109-07	Primary Tumor	TCGA-BH-A0WA	female	BH	University of Pittsburgh	stage i	alive	30025	NA	true	FALSE	None	NA	Negative	Negative	NA	not reported	2
06ec98c4-892c-48b3-9421-a24c33c51c70	TCGA-A2-A0YE-01A-11R-A109-07	Primary Tumor	TCGA-A2-A0YE	female	A2	Walter Reed	stage iib	alive	17727	NA	true	FALSE	None	Infiltrating Ductal Carcinoma	Negative	Negative	NA	not reported	2
d182d919-c57f-4004-93db-fb1723a82072	TCGA-AC-A2QJ-01A-12R-A19W-07	Primary Tumor	TCGA-AC-A2QJ	female	AC	International Genomics Consortium	stage iiib	dead	17569	446	false	FALSE	United States	Other  specify	Negative	Negative	NA	not reported	2
abde491b-056f-45c0-b53d-d21f7f12ab72	TCGA-A7-A6VW-01A-21R-A33J-07	Primary Tumor	TCGA-A7-A6VW	female	A7	Christiana Healthcare	stage iia	alive	17539	NA	false	FALSE	United States	Infiltrating Ductal Carcinoma	Negative	Negative	NA	not reported	2
6506402f-5ab1-48bd-80f5-6d53c1a7f775	TCGA-E2-A159-01A-11R-A115-07	Primary Tumor	TCGA-E2-A159	female	E2	Roswell Park	stage iia	alive	18621	NA	false	FALSE	None	Infiltrating Ductal Carcinoma	Negative	Negative	NA	not reported	2
6f77d195-0c77-4860-8142-3cacde1f3279	TCGA-C8-A131-01A-11R-A115-07	Primary Tumor	TCGA-C8-A131	female	C8	ILSBio	stage iiia	alive	29966	NA	true	FALSE	Vietnam	Infiltrating Ductal Carcinoma	Negative	Negative	NA	not reported	2
b081b69f-bb9c-4e5a-89a4-2842fe2e557d	TCGA-D8-A1XW-01A-11R-A14M-07	Primary Tumor	TCGA-D8-A1XW	female	D8	Greater Poland Cancer Center	stage iia	alive	19478	NA	false	FALSE	Poland	Infiltrating Ductal Carcinoma	Positive	Negative	NA	not reported	2
40664130-536b-44c8-a805-6030c9ad9582	TCGA-A7-A26I-01B-06R-A22O-07	Primary Tumor	TCGA-A7-A26I	female	A7	Christiana Healthcare	stage iia	alive	23948	NA	false	TRUE	United States	Infiltrating Ductal Carcinoma	Negative	Negative	NA	not reported	2
ca6d11cc-6933-4eeb-a3b2-b364608abf82	TCGA-OL-A5D7-01A-11R-A27Q-07	Primary Tumor	TCGA-OL-A5D7	female	OL	University of Chicago	stage iia	alive	25643	NA	true	FALSE	United States	Infiltrating Ductal Carcinoma	Negative	Negative	NA	not reported	2
4cd84adb-81dd-484f-bd75-4ded4b0bef82	TCGA-E2-A1LK-01A-21R-A14D-07	Primary Tumor	TCGA-E2-A1LK	female	E2	Roswell Park	stage iiic	dead	30757	266	false	FALSE	United States	Infiltrating Ductal Carcinoma	Negative	Negative	NA	not reported	2
9c0d67be-07dc-494e-8b6f-69d74b93208b	TCGA-AC-A2QH-01B-04R-A22O-07	Primary Tumor	TCGA-AC-A2QH	female	AC	International Genomics Consortium	stage iib	alive	21488	NA	false	TRUE	United States	Metaplastic Carcinoma	Negative	Negative	NA	not reported	2
e2cfc7b2-7c64-4776-bfb8-9682f745078b	TCGA-A7-A5ZV-01A-11R-A28M-07	Primary Tumor	TCGA-A7-A5ZV	female	A7	Christiana Healthcare	stage iia	alive	22966	NA	false	FALSE	United States	Infiltrating Carcinoma NOS	Negative	Negative	NA	not reported	2
172944fc-5d14-491c-bd4a-f1eaae96a38d	TCGA-E2-A1LS-01A-12R-A157-07	Primary Tumor	TCGA-E2-A1LS	female	E2	Roswell Park	stage ia	alive	16887	NA	false	FALSE	United States	Infiltrating Ductal Carcinoma	Negative	Negative	NA	not reported	2
ea38585e-e393-4e7f-a2c1-64b33caf168d	TCGA-D8-A27M-01A-11R-A16F-07	Primary Tumor	TCGA-D8-A27M	female	D8	Greater Poland Cancer Center	stage ia	alive	21910	NA	false	FALSE	Poland	Infiltrating Ductal Carcinoma	Negative	Negative	NA	not reported	2
afa6298b-7dd3-4504-9251-b16d58c7ff96	TCGA-AR-A5QQ-01A-11R-A28M-07	Primary Tumor	TCGA-AR-A5QQ	female	AR	Mayo	stage iiia	dead	24841	322	true	FALSE	United States	Other  specify	Negative	Negative	NA	not reported	2
59ad0679-53de-4370-86ac-e3a9605f6997	TCGA-EW-A3U0-01A-11R-A22K-07	Primary Tumor	TCGA-EW-A3U0	female	EW	University of Miami	stage iiia	alive	22520	NA	true	FALSE	United States	Infiltrating Ductal Carcinoma	Negative	Negative	NA	not reported	2
eb667236-8f51-40a0-98e4-e27fa32b8999	TCGA-BH-A0BL-01A-11R-A115-07	Primary Tumor	TCGA-BH-A0BL	female	BH	University of Pittsburgh	stage i	alive	12841	NA	true	FALSE	None	Infiltrating Ductal Carcinoma	Negative	Negative	NA	not reported	2
4ab84b93-4fb0-438f-aeed-5cec81e6589b	TCGA-A7-A4SE-01A-11R-A266-07	Primary Tumor	TCGA-A7-A4SE	female	A7	Christiana Healthcare	stage iia	alive	20080	NA	false	FALSE	United States	Infiltrating Ductal Carcinoma	Negative	Negative	NA	not reported	2
079eaca1-0319-4b54-b20b-673f4576c69d	TCGA-AO-A128-01A-11R-A10J-07	Primary Tumor	TCGA-AO-A128	female	AO	MSKCC	stage iia	alive	22340	NA	true	FALSE	None	Infiltrating Ductal Carcinoma	Negative	Negative	NA	not reported	2
ea2e8ecb-841c-4224-9468-ed2d649c31a3	TCGA-E9-A22G-01A-11R-A157-07	Primary Tumor	TCGA-E9-A22G	female	E9	Asterand	stage iia	alive	17300	NA	true	FALSE	Russia	Infiltrating Ductal Carcinoma	Negative	Negative	NA	not reported	2
56719fb4-48e8-4dc4-b3f0-6aade70276ab	TCGA-A2-A0T0-01A-22R-A084-07	Primary Tumor	TCGA-A2-A0T0	female	A2	Walter Reed	stage iib	alive	21575	NA	true	FALSE	None	Infiltrating Ductal Carcinoma	Negative	Negative	NA	not reported	2
72ef685a-00bb-42c5-bb4f-4cb52b798db2	TCGA-S3-AA15-01A-11R-A41B-07	Primary Tumor	TCGA-S3-AA15	female	S3	Albert Einstein Medical Center	stage iib	alive	18659	NA	true	FALSE	United States	Infiltrating Ductal Carcinoma	Negative	Negative	NA	not reported	2
1bc37328-9c24-40d3-bb7b-000e0f562cb5	TCGA-AR-A24Q-01A-12R-A169-07	Primary Tumor	TCGA-AR-A24Q	female	AR	Mayo	stage iib	alive	18084	NA	true	FALSE	United States	Infiltrating Ductal Carcinoma	Negative	Positive	NA	not reported	2
f158d317-0800-492a-b47b-5b8e2052b3b6	TCGA-AQ-A54N-01A-11R-A266-07	Primary Tumor	TCGA-AQ-A54N	female	AQ	UNC 	stage iia	alive	18741	NA	false	FALSE	United States	Infiltrating Ductal Carcinoma	Negative	Negative	NA	not reported	2
d9284565-a153-49d8-8e01-a90eca817db7	TCGA-A2-A0YJ-01A-11R-A109-07	Primary Tumor	TCGA-A2-A0YJ	female	A2	Walter Reed	stage iiia	alive	14448	NA	true	FALSE	None	Infiltrating Ductal Carcinoma	Negative	Positive	NA	not reported	2
d06d5373-6a1b-474c-9279-10fcb29f59ba	TCGA-A2-A04P-01A-31R-A034-07	Primary Tumor	TCGA-A2-A04P	female	A2	Walter Reed	stage iiic	dead	13238	548	true	FALSE	None	Infiltrating Ductal Carcinoma	Negative	Negative	NA	not reported	2
79a4ea16-b871-4932-b1f4-169004233cba	TCGA-AN-A0FL-01A-11R-A034-07	Primary Tumor	TCGA-AN-A0FL	female	AN	Cureline	stage iia	alive	22805	NA	false	FALSE	None	Infiltrating Ductal Carcinoma	Negative	Negative	NA	not reported	2
5516dd59-3d95-4bc6-84e7-5719b1bbcabf	TCGA-A7-A26F-01B-04R-A22O-07	Primary Tumor	TCGA-A7-A26F	female	A7	Christiana Healthcare	stage ia	alive	20210	NA	false	TRUE	United States	Other  specify	Negative	Negative	NA	not reported	2
aaa54a0c-f437-4e0e-ae39-977bebd517bf	TCGA-A2-A04T-01A-21R-A034-07	Primary Tumor	TCGA-A2-A04T	female	A2	Walter Reed	stage iia	alive	22707	NA	true	FALSE	None	Infiltrating Ductal Carcinoma	Negative	Negative	NA	not reported	2
a426ab8d-d15c-42b9-bf81-a3ca7dbae8c1	TCGA-B6-A402-01A-11R-A239-07	Primary Tumor	TCGA-B6-A402	female	B6	Duke	stage i	alive	17314	NA	true	FALSE	United States	Infiltrating Ductal Carcinoma	Negative	Negative	NA	not reported	2
ba22d7e6-3e70-4a43-9dc1-59069b39e8c2	TCGA-A7-A26F-01B-04R-A22O-07	Primary Tumor	TCGA-A7-A26F	female	A7	Christiana Healthcare	stage ia	alive	20210	NA	false	TRUE	United States	Other  specify	Negative	Negative	NA	not reported	2
b0f7e58a-1ddb-4c59-bfcb-1227a29141c4	TCGA-A7-A13E-01A-11R-A277-07	Primary Tumor	TCGA-A7-A13E	female	A7	Christiana Healthcare	stage iib	dead	22690	614	false	FALSE	None	Infiltrating Ductal Carcinoma	Negative	Positive	NA	not reported	2
cc684aee-6d8a-4074-8474-1c4a48dbc8c7	TCGA-AO-A0J4-01A-11R-A034-07	Primary Tumor	TCGA-AO-A0J4	female	AO	MSKCC	stage ia	alive	15052	NA	true	FALSE	None	Infiltrating Ductal Carcinoma	Negative	Negative	NA	not reported	2
2437a516-5312-409e-8679-b85bb60530cd	TCGA-BH-A5IZ-01A-11R-A27Q-07	Primary Tumor	TCGA-BH-A5IZ	female	BH	University of Pittsburgh	stage iib	alive	18927	NA	true	FALSE	United States	Infiltrating Ductal Carcinoma	Negative	Positive	NA	not reported	2
f4a7b03f-d692-4f5f-8401-400b430b17cd	TCGA-AO-A0JL-01A-11R-A056-07	Primary Tumor	TCGA-AO-A0JL	female	AO	MSKCC	stage iiia	alive	21895	NA	true	FALSE	None	Infiltrating Ductal Carcinoma	Negative	Negative	NA	not reported	2
2c2f376a-2aa7-4c45-9056-b612707c3fcf	TCGA-EW-A1P4-01A-21R-A144-07	Primary Tumor	TCGA-EW-A1P4	female	EW	University of Miami	stage iia	alive	15989	NA	true	FALSE	United States	Medullary Carcinoma	Negative	Negative	NA	not reported	2
b5eea321-4e76-4fcc-831e-e03e9c5789d2	TCGA-E2-A14N-01A-31R-A137-07	Primary Tumor	TCGA-E2-A14N	female	E2	Roswell Park	stage iib	alive	13743	NA	false	FALSE	None	Infiltrating Ductal Carcinoma	Negative	Negative	NA	not reported	2
8782807a-e8ee-4469-afee-966224f6fdd4	TCGA-AN-A0G0-01A-11R-A034-07	Primary Tumor	TCGA-AN-A0G0	female	AN	Cureline	stage iia	alive	20504	NA	false	FALSE	None	Infiltrating Ductal Carcinoma	Negative	Negative	NA	not reported	2
073c074d-a9df-4547-9bfa-1f46c27650d7	TCGA-S3-AA10-01A-21R-A41B-07	Primary Tumor	TCGA-S3-AA10	female	S3	Albert Einstein Medical Center	stage iia	alive	24075	NA	true	FALSE	United States	Infiltrating Ductal Carcinoma	Negative	Negative	NA	not reported	2
0f4e859a-50be-454e-9631-7aa4e18827d9	TCGA-OL-A5RY-01A-21R-A28M-07	Primary Tumor	TCGA-OL-A5RY	female	OL	University of Chicago	stage iia	alive	19216	NA	true	FALSE	United States	Infiltrating Ductal Carcinoma	Negative	Positive	NA	not reported	2
1e3b860b-e8bc-4f88-9c52-c982add3b2db	TCGA-A2-A04U-01A-11R-A115-07	Primary Tumor	TCGA-A2-A04U	female	A2	Walter Reed	stage iia	alive	17474	NA	true	FALSE	None	Infiltrating Ductal Carcinoma	Negative	Negative	NA	not reported	2
d27541fa-68eb-4066-a6b8-6abd49575fe1	TCGA-LL-A441-01A-11R-A24H-07	Primary Tumor	TCGA-LL-A441	female	LL	Candler	stage ia	alive	22772	NA	false	FALSE	United States	Infiltrating Ductal Carcinoma	Negative	Negative	NA	not reported	2
48943dd7-03cb-4136-a6e6-d84a382260e3	TCGA-BH-A0RX-01A-21R-A084-07	Primary Tumor	TCGA-BH-A0RX	female	BH	University of Pittsburgh	stage iia	alive	21857	NA	true	FALSE	None	Infiltrating Ductal Carcinoma	Negative	Negative	NA	not reported	2
eacf55b2-27dd-48e9-b56e-f1189328f1e5	TCGA-LL-A6FR-01A-12R-A31O-07	Primary Tumor	TCGA-LL-A6FR	female	LL	Candler	stage iia	alive	18520	NA	false	FALSE	United States	Infiltrating Ductal Carcinoma	Positive	Negative	NA	not reported	2
05cd67df-cfb3-40d8-a787-3d09886291ea	TCGA-AC-A7VC-01A-11R-A352-07	Primary Tumor	TCGA-AC-A7VC	female	AC	International Genomics Consortium	stage iib	alive	20479	NA	false	FALSE	United States	Metaplastic Carcinoma	Negative	Negative	NA	not reported	2
06a9d232-2bb6-4191-a664-5b8afbda25ef	TCGA-A2-A0YM-01A-11R-A109-07	Primary Tumor	TCGA-A2-A0YM	female	A2	Walter Reed	stage iia	alive	24831	NA	true	FALSE	None	Infiltrating Ductal Carcinoma	Negative	Negative	NA	not reported	2
e08283ca-68e0-4171-b8b9-51aee0b1e0ef	TCGA-A2-A0T2-01A-11R-A084-07	Primary Tumor	TCGA-A2-A0T2	female	A2	Walter Reed	stage iv	dead	24235	255	true	FALSE	None	Infiltrating Ductal Carcinoma	Negative	Negative	NA	not reported	2
7f67565b-180e-4491-9b8f-8184dc4e53f2	TCGA-AC-A62X-01A-11R-A29R-07	Primary Tumor	TCGA-AC-A62X	female	AC	International Genomics Consortium	stage iia	alive	26627	NA	false	FALSE	United States	Infiltrating Ductal Carcinoma	Negative	Positive	NA	not reported	2
1bd3c6da-1de9-4dfa-b9da-a69c1840c8f4	TCGA-D8-A1JK-01A-11R-A13Q-07	Primary Tumor	TCGA-D8-A1JK	female	D8	Greater Poland Cancer Center	stage iia	alive	32872	NA	false	FALSE	Poland	Infiltrating Ductal Carcinoma	Positive	Negative	NA	not reported	2
0eecc108-eaa0-4723-8342-ddc7f91710f9	TCGA-AQ-A04J-01A-02R-A034-07	Primary Tumor	TCGA-AQ-A04J	female	AQ	UNC 	stage iia	alive	16615	NA	false	FALSE	United States	Infiltrating Ductal Carcinoma	Negative	Negative	NA	not reported	2
4ce2bb39-0f4f-4cc8-b3b0-5cba38ba6afc	TCGA-A2-A3XY-01A-11R-A239-07	Primary Tumor	TCGA-A2-A3XY	female	A2	Walter Reed	stage iib	dead	18059	1093	true	FALSE	United States	Infiltrating Ductal Carcinoma	Negative	Negative	NA	not reported	2
1463039d-7953-4216-9e8b-97f681332eff	TCGA-AO-A124-01A-11R-A10J-07	Primary Tumor	TCGA-AO-A124	female	AO	MSKCC	stage iia	alive	14174	NA	true	FALSE	None	Other  specify	Negative	Negative	NA	not reported	2
03e71bd3-8fc7-4f34-96e7-b0e3a9ac4b05	TCGA-E2-A574-01A-11R-A29R-07	Primary Tumor	TCGA-E2-A574	female	E2	Roswell Park	stage iia	alive	16195	NA	true	FALSE	United States	Infiltrating Ductal Carcinoma	Negative	Negative	NA	not reported	2
82cd07ff-7566-4360-8210-eb17ecb7591a	TCGA-AR-A0U4-01A-11R-A109-07	Primary Tumor	TCGA-AR-A0U4	female	AR	Mayo	stage iia	alive	19729	NA	true	FALSE	None	Infiltrating Ductal Carcinoma	Negative	Negative	NA	not reported	2
8cf5a2c0-93cb-40bb-8b7c-d07dcd830a20	TCGA-BH-A0DL-01A-11R-A115-07	Primary Tumor	TCGA-BH-A0DL	female	BH	University of Pittsburgh	stage iia	alive	23628	NA	true	FALSE	None	Other  specify	Negative	Positive	NA	not reported	2
611393af-bc85-47f5-b66b-e3ef9941fc73	TCGA-A7-A4SD-01A-11R-A266-07	Primary Tumor	TCGA-A7-A4SD	female	A7	Christiana Healthcare	stage iia	alive	19131	NA	false	FALSE	United States	Infiltrating Ductal Carcinoma	Negative	Negative	NA	not reported	2
997b8112-5484-49ca-bf3d-7aa6cd2fb8bc	TCGA-AN-A0FX-01A-11R-A034-07	Primary Tumor	TCGA-AN-A0FX	female	AN	Cureline	stage iia	alive	19309	NA	false	FALSE	None	Infiltrating Ductal Carcinoma	Negative	Negative	NA	not reported	2
0d9269dd-b733-4f3f-93d4-58d6d51cface	TCGA-D8-A1XK-01A-21R-A14M-07	Primary Tumor	TCGA-D8-A1XK	female	D8	Greater Poland Cancer Center	stage iib	alive	20092	NA	false	FALSE	Poland	Infiltrating Ductal Carcinoma	Negative	Negative	NA	not reported	2
cb6fc77b-63da-4372-869b-8e46c263a3d5	TCGA-BH-A0EE-01A-11R-A034-07	Primary Tumor	TCGA-BH-A0EE	female	BH	University of Pittsburgh	stage iib	alive	24850	NA	true	FALSE	None	Infiltrating Ductal Carcinoma	Negative	Negative	NA	not reported	2
f6d722b6-2590-4695-814c-0830ef0d9b06	TCGA-E2-A573-01A-11R-A29R-07	Primary Tumor	TCGA-E2-A573	female	E2	Roswell Park	stage ia	alive	17689	NA	true	FALSE	United States	Infiltrating Ductal Carcinoma	Negative	Negative	NA	not reported	2
732decd2-bfaf-409d-ae30-efc76c195e08	TCGA-AR-A1AI-01A-11R-A12P-07	Primary Tumor	TCGA-AR-A1AI	female	AR	Mayo	stage iia	alive	17229	NA	true	FALSE	None	Medullary Carcinoma	Negative	Negative	NA	not reported	2
7804f23a-10f9-4ac1-a0fa-b1370fc68c09	TCGA-AR-A0TU-01A-31R-A109-07	Primary Tumor	TCGA-AR-A0TU	female	AR	Mayo	stage iia	alive	13039	NA	true	FALSE	None	Infiltrating Ductal Carcinoma	Negative	Negative	NA	not reported	2
a03bda91-0936-4c67-9508-4903f84c980f	TCGA-E2-A1LL-01A-11R-A144-07	Primary Tumor	TCGA-E2-A1LL	female	E2	Roswell Park	stage iiia	alive	27028	NA	false	FALSE	United States	Infiltrating Ductal Carcinoma	Negative	Negative	NA	not reported	2
58305698-457f-4e9d-a27d-7b8f98491411	TCGA-EW-A1P7-01A-21R-A144-07	Primary Tumor	TCGA-EW-A1P7	female	EW	University of Miami	stage iia	alive	21750	NA	true	FALSE	United States	Infiltrating Ductal Carcinoma	Negative	Negative	NA	not reported	2
0a71c7b0-ef68-466e-b294-b2f52ed79c14	TCGA-A8-A07O-01A-11R-A00Z-07	Primary Tumor	TCGA-A8-A07O	female	A8	Indivumed	stage iia	alive	18870	NA	false	FALSE	Germany	Infiltrating Ductal Carcinoma	Negative	Negative	NA	not reported	2
6a193b2e-ea8d-4cbe-8eae-b2486e65c920	TCGA-LL-A8F5-01A-11R-A36F-07	Primary Tumor	TCGA-LL-A8F5	female	LL	Candler	stage iia	alive	22544	NA	false	FALSE	United States	Infiltrating Ductal Carcinoma	Negative	Positive	NA	not reported	2
190129a6-ba80-4728-9638-9e2e1bb7b422	TCGA-AR-A2LR-01A-12R-A18M-07	Primary Tumor	TCGA-AR-A2LR	female	AR	Mayo	stage i	alive	18214	NA	true	FALSE	United States	Metaplastic Carcinoma	Negative	Negative	NA	not reported	2
79807938-a28e-4f9f-ae07-ee97778f5424	TCGA-E9-A243-01A-21R-A169-07	Primary Tumor	TCGA-E9-A243	female	E9	Asterand	stage iia	alive	19035	NA	true	FALSE	Ukraine	Infiltrating Ductal Carcinoma	NA	NA	NA	not reported	2
26876e4f-dbf2-42ed-8fc4-62529029c826	TCGA-PL-A8LV-01A-21R-A41B-07	Primary Tumor	TCGA-PL-A8LV	female	PL	Institute of Human Virology Nigeria	stage iiib	alive	19746	NA	false	FALSE	Nigeria	Medullary Carcinoma	NA	NA	NA	not reported	2
8a082588-a4f5-4cf4-8a61-fb1a13582026	TCGA-AO-A0J6-01A-11R-A034-07	Primary Tumor	TCGA-AO-A0J6	female	AO	MSKCC	stage iia	alive	22462	NA	true	FALSE	None	Infiltrating Ductal Carcinoma	Negative	Negative	NA	not reported	2
5d84f068-72eb-44aa-ad9d-6f8eaa4a8a32	TCGA-AN-A04D-01A-21R-A034-07	Primary Tumor	TCGA-AN-A04D	female	AN	Cureline	stage iib	alive	21426	NA	true	FALSE	None	Infiltrating Ductal Carcinoma	Negative	Negative	NA	not reported	2
118d1959-5b7b-4d2c-9e9f-970613f0e133	TCGA-A2-A0ST-01A-12R-A084-07	Primary Tumor	TCGA-A2-A0ST	female	A2	Walter Reed	stage iia	alive	22922	NA	true	FALSE	None	Infiltrating Ductal Carcinoma	Negative	Negative	NA	not reported	2
150feeb1-7643-4b1c-a77c-cfd97d301d37	TCGA-E9-A1RH-01A-21R-A169-07	Primary Tumor	TCGA-E9-A1RH	female	E9	Asterand	stage iia	alive	23224	NA	true	FALSE	Ukraine	Infiltrating Ductal Carcinoma	NA	NA	NA	not reported	2
f26e9388-145f-4c86-bf5b-5dfefae6f43d	TCGA-A8-A08R-01A-11R-A034-07	Primary Tumor	TCGA-A8-A08R	female	A8	Indivumed	stage iib	alive	19298	NA	false	FALSE	Germany	Infiltrating Ductal Carcinoma	Negative	Negative	NA	not reported	2
76376038-5810-476b-831f-9bb938941243	TCGA-A7-A0CE-01A-11R-A00Z-07	Primary Tumor	TCGA-A7-A0CE	female	A7	Christiana Healthcare	stage iia	alive	20863	NA	false	FALSE	None	Infiltrating Ductal Carcinoma	Negative	Negative	NA	not reported	2
faa284cf-abd4-4405-b847-ad06672bf451	TCGA-E2-A1AZ-01A-11R-A12P-07	Primary Tumor	TCGA-E2-A1AZ	female	E2	Roswell Park	stage iib	alive	23230	NA	true	FALSE	None	Infiltrating Ductal Carcinoma	Negative	Negative	NA	not reported	2
54f8f899-df83-42dd-bbf4-51d7583e5652	TCGA-BH-A0B9-01A-11R-A056-07	Primary Tumor	TCGA-BH-A0B9	female	BH	University of Pittsburgh	stage ia	alive	16310	NA	true	FALSE	None	Infiltrating Ductal Carcinoma	Negative	Negative	NA	not reported	2
508c73d0-3a7e-47e6-934c-2cc68e00ed53	TCGA-D8-A1JM-01A-11R-A13Q-07	Primary Tumor	TCGA-D8-A1JM	female	D8	Greater Poland Cancer Center	stage iib	alive	21602	NA	false	FALSE	Poland	Infiltrating Ductal Carcinoma	Negative	Positive	NA	not reported	2
9065dbef-8bea-4e06-a4e5-f4c422b47a56	TCGA-A7-A6VY-01A-12R-A33J-07	Primary Tumor	TCGA-A7-A6VY	female	A7	Christiana Healthcare	stage iib	alive	17640	NA	false	FALSE	United States	Infiltrating Ductal Carcinoma	Negative	Negative	NA	not reported	2
a39ba4b3-40c6-479c-9407-01616194b057	TCGA-BH-A0AV-01A-31R-A115-07	Primary Tumor	TCGA-BH-A0AV	female	BH	University of Pittsburgh	stage i	alive	19314	NA	true	FALSE	None	Infiltrating Ductal Carcinoma	Negative	Negative	NA	not reported	2
00f70d11-3b58-4517-82ec-258cced34a60	TCGA-GM-A2DF-01A-11R-A180-07	Primary Tumor	TCGA-GM-A2DF	female	GM	MD Anderson	stage iia	alive	19614	NA	false	FALSE	United States	Infiltrating Ductal Carcinoma	Negative	Negative	NA	not reported	2
04bad3d4-22f8-463e-a191-77901eb17f65	TCGA-D8-A1JL-01A-11R-A13Q-07	Primary Tumor	TCGA-D8-A1JL	female	D8	Greater Poland Cancer Center	stage iia	alive	26484	NA	false	FALSE	Poland	Infiltrating Ductal Carcinoma	Negative	Negative	NA	not reported	2
f53c3d33-7501-46e1-8125-56fb73083b65	TCGA-D8-A27H-01A-11R-A16F-07	Primary Tumor	TCGA-D8-A27H	female	D8	Greater Poland Cancer Center	stage iia	alive	26588	NA	false	FALSE	Poland	Infiltrating Ductal Carcinoma	Negative	Negative	NA	not reported	2
38b0c53a-af60-4610-a6a6-360550059966	TCGA-E9-A1NC-01A-21R-A26B-07	Primary Tumor	TCGA-E9-A1NC	female	E9	Asterand	stage iib	alive	22355	NA	true	FALSE	Russia	Mixed Histology (please specify)	Positive	Negative	NA	not reported	2
62fbf3ae-bfca-4bac-9051-717e7844e272	TCGA-AO-A12F-01A-11R-A115-07	Primary Tumor	TCGA-AO-A12F	female	AO	MSKCC	stage iia	alive	13409	NA	true	FALSE	None	Infiltrating Ductal Carcinoma	Negative	Negative	NA	not reported	2
e07b4c18-8cb4-4006-935e-c5036b5e1879	TCGA-EW-A1OW-01A-21R-A144-07	Primary Tumor	TCGA-EW-A1OW	female	EW	University of Miami	stage iia	alive	21465	NA	true	FALSE	United States	Infiltrating Ductal Carcinoma	Negative	Negative	NA	not reported	2
06820399-3529-412f-b3a7-6714c9dd5f7d	TCGA-C8-A12V-01A-11R-A115-07	Primary Tumor	TCGA-C8-A12V	female	C8	ILSBio	stage iia	alive	20346	NA	true	FALSE	Vietnam	Infiltrating Ductal Carcinoma	Negative	Negative	NA	not reported	2
d42b7981-3d8e-4233-b90d-f2b8a9c04d7f	TCGA-OL-A5S0-01A-11R-A28M-07	Primary Tumor	TCGA-OL-A5S0	female	OL	University of Chicago	stage iib	alive	24139	NA	true	FALSE	United States	Infiltrating Ductal Carcinoma	Negative	Positive	NA	not reported	2
46c4652a-ac2b-41db-a17d-02625822027f	TCGA-A2-A3Y0-01A-11R-A239-07	Primary Tumor	TCGA-A2-A3Y0	female	A2	Walter Reed	stage iib	alive	21024	NA	true	FALSE	United States	Infiltrating Ductal Carcinoma	Negative	Positive	NA	not reported	2
90a48928-0338-4887-bded-6674011f9881	TCGA-AC-A8OQ-01A-11R-A41B-07	Primary Tumor	TCGA-AC-A8OQ	female	AC	International Genomics Consortium	stage iib	alive	26535	NA	false	FALSE	United States	Infiltrating Ductal Carcinoma	Negative	Negative	NA	not reported	2
45c2cef7-58b5-4e76-abf6-8b88088c6c82	TCGA-GI-A2C9-01A-11R-A21T-07	Primary Tumor	TCGA-GI-A2C9	female	GI	ABS - IUPUI	stage iib	alive	21534	NA	false	FALSE	United States	Infiltrating Ductal Carcinoma	Negative	Negative	NA	not reported	2
2e125727-43f2-4a9d-8aa7-5d501240c883	TCGA-BH-A1FC-01A-11R-A13Q-07	Primary Tumor	TCGA-BH-A1FC	female	BH	University of Pittsburgh	stage iia	dead	28706	3472	true	FALSE	None	Medullary Carcinoma	Negative	Negative	NA	not reported	2
9c3a3cb7-dd86-48c6-ade1-f37455601984	TCGA-AO-A129-01A-21R-A10J-07	Primary Tumor	TCGA-AO-A129	female	AO	MSKCC	stage iib	alive	10898	NA	true	FALSE	None	Infiltrating Ductal Carcinoma	Negative	Negative	NA	not reported	2
22a5e04d-a9a8-4c13-8a13-9bdbeb357686	TCGA-HN-A2NL-01A-11R-A18M-07	Primary Tumor	TCGA-HN-A2NL	female	HN	Ontario Institute for Cancer Research (OICR)	stage iia	alive	20483	NA	false	FALSE	Canada	Infiltrating Lobular Carcinoma	Negative	Negative	NA	not reported	2
b1627372-85e8-4d0e-baaf-feec24249a89	TCGA-BH-A18V-01A-11R-A12D-07	Primary Tumor	TCGA-BH-A18V	female	BH	University of Pittsburgh	stage iib	dead	17682	1556	true	FALSE	None	Infiltrating Ductal Carcinoma	Negative	Negative	NA	not reported	2
902392b1-7533-4751-a3b1-58955b3eef91	TCGA-A2-A3XU-01A-12R-A22U-07	Primary Tumor	TCGA-A2-A3XU	female	A2	Walter Reed	stage iib	dead	13046	912	true	FALSE	United States	Infiltrating Ductal Carcinoma	Negative	Negative	NA	not reported	2
230082b7-39ec-4fe1-b3c6-daf35458f396	TCGA-E9-A1ND-01A-11R-A144-07	Primary Tumor	TCGA-E9-A1ND	female	E9	Asterand	stage iib	alive	27400	NA	true	FALSE	Russia	Infiltrating Ductal Carcinoma	Negative	Negative	NA	not reported	2
5f2b9f6e-a2da-46b5-870b-667885226996	TCGA-AR-A251-01A-12R-A169-07	Primary Tumor	TCGA-AR-A251	female	AR	Mayo	stage iiia	alive	18771	NA	true	FALSE	United States	Infiltrating Ductal Carcinoma	Negative	Positive	NA	not reported	2
fa07c86d-47ca-4a00-9306-41f51eb0c698	TCGA-AR-A0TS-01A-11R-A115-07	Primary Tumor	TCGA-AR-A0TS	female	AR	Mayo	stage iib	alive	17141	NA	true	FALSE	None	Infiltrating Ductal Carcinoma	Negative	Negative	NA	not reported	2
d4e6dc5c-510c-4431-935a-62105b691699	TCGA-BH-A0BW-01A-11R-A115-07	Primary Tumor	TCGA-BH-A0BW	female	BH	University of Pittsburgh	stage i	alive	25974	NA	true	FALSE	None	Infiltrating Ductal Carcinoma	Negative	Negative	NA	not reported	2
fe8bf22a-1156-43c2-9d96-a409fd4bb999	TCGA-BH-A1F6-01A-11R-A13Q-07	Primary Tumor	TCGA-BH-A1F6	female	BH	University of Pittsburgh	not reported	dead	18691	2965	true	FALSE	None	Infiltrating Ductal Carcinoma	Negative	Negative	NA	not reported	2
cdb76c1d-da1b-4c52-871f-9c7f5833179c	TCGA-AN-A0XU-01A-11R-A109-07	Primary Tumor	TCGA-AN-A0XU	female	AN	Cureline	stage iia	alive	20052	NA	true	FALSE	None	Infiltrating Ductal Carcinoma	Negative	Negative	NA	not reported	2
ae0e8653-30eb-447a-ade5-17020d50b0a6	TCGA-AR-A1AR-01A-31R-A137-07	Primary Tumor	TCGA-AR-A1AR	female	AR	Mayo	stage iiia	dead	18482	524	true	FALSE	None	Infiltrating Ductal Carcinoma	Negative	Negative	NA	not reported	2
020873c7-93d7-4eea-b25f-60663417d9bb	TCGA-B6-A0RT-01A-21R-A084-07	Primary Tumor	TCGA-B6-A0RT	female	B6	Duke	stage iiia	alive	14374	NA	true	FALSE	United States	Infiltrating Ductal Carcinoma	Negative	Negative	NA	not reported	2
812e8e8f-71b2-49db-ac1f-fa3761cb3bc1	TCGA-OL-A6VO-01A-12R-A33J-07	Primary Tumor	TCGA-OL-A6VO	female	OL	University of Chicago	stage ia	alive	15780	NA	true	FALSE	United States	Infiltrating Ductal Carcinoma	Negative	Negative	NA	not reported	2
826328ef-7687-4480-bda5-6d49f72223c2	TCGA-AR-A0U0-01A-11R-A109-07	Primary Tumor	TCGA-AR-A0U0	female	AR	Mayo	stage iib	alive	26993	NA	true	FALSE	None	Infiltrating Ductal Carcinoma	Negative	Negative	NA	not reported	2
47df52c0-562a-4163-8b56-69f09be7dec6	TCGA-AC-A2QH-01A-11R-A18M-07	Primary Tumor	TCGA-AC-A2QH	female	AC	International Genomics Consortium	stage iib	alive	21488	NA	false	FALSE	United States	Metaplastic Carcinoma	Negative	Negative	NA	not reported	2
b570a72f-5e6c-4301-923b-9992662409ca	TCGA-A7-A26F-01B-04R-A22O-07	Primary Tumor	TCGA-A7-A26F	female	A7	Christiana Healthcare	stage ia	alive	20210	NA	false	TRUE	United States	Other  specify	Negative	Negative	NA	not reported	2
0b9ee479-22f0-4f0e-8db6-ae5a9927dbcb	TCGA-A2-A25F-01A-11R-A169-07	Primary Tumor	TCGA-A2-A25F	female	A2	Walter Reed	stage iia	alive	24319	NA	true	FALSE	United States	Infiltrating Ductal Carcinoma	Positive	Negative	NA	not reported	2
4c49ee0b-5040-47b2-8e78-28abfa0969cd	TCGA-A2-A0SX-01A-12R-A084-07	Primary Tumor	TCGA-A2-A0SX	female	A2	Walter Reed	stage ia	alive	17774	NA	true	FALSE	None	Infiltrating Ductal Carcinoma	Negative	Negative	NA	not reported	2
9905b104-db34-4cc2-a6b9-bf3fcd21c9cd	TCGA-EW-A1P8-01A-11R-A144-07	Primary Tumor	TCGA-EW-A1P8	female	EW	University of Miami	stage iiic	dead	21501	239	true	FALSE	United States	Infiltrating Ductal Carcinoma	Negative	Negative	NA	not reported	2
b90714c7-3c6e-4a8d-b869-87e2f66ba8d2	TCGA-B6-A0I2-01A-11R-A034-07	Primary Tumor	TCGA-B6-A0I2	female	B6	Duke	stage ia	alive	16702	NA	true	FALSE	United States	Infiltrating Ductal Carcinoma	NA	NA	NA	not reported	2
671507db-3949-4a41-9682-644ce8fed3d3	TCGA-AR-A0TP-01A-11R-A084-07	Primary Tumor	TCGA-AR-A0TP	female	AR	Mayo	stage iia	alive	15812	NA	true	FALSE	None	Infiltrating Ductal Carcinoma	Negative	Positive	NA	not reported	2
7a532ab7-001d-4b99-9d30-dc67b7d847db	TCGA-A2-A3XT-01A-11R-A22U-07	Primary Tumor	TCGA-A2-A3XT	female	A2	Walter Reed	stage iib	alive	16649	NA	true	FALSE	United States	Infiltrating Ductal Carcinoma	Negative	Negative	NA	not reported	2
aa87e619-e232-4a3a-926a-4ea8f862dee1	TCGA-A2-A3XS-01A-11R-A22U-07	Primary Tumor	TCGA-A2-A3XS	female	A2	Walter Reed	stage iiia	dead	23000	1032	true	FALSE	United States	Infiltrating Ductal Carcinoma	Negative	Negative	NA	not reported	2
8a791099-6538-4f5c-9400-d3f3dd73bde1	TCGA-E9-A3QA-01A-61R-A22K-07	Primary Tumor	TCGA-E9-A3QA	female	E9	Asterand	stage iia	alive	12142	NA	true	FALSE	Russia	Medullary Carcinoma	NA	NA	NA	not reported	2
9decb422-2c34-4d7a-bb06-9f7ecfc893e1	TCGA-AR-A256-01A-11R-A169-07	Primary Tumor	TCGA-AR-A256	female	AR	Mayo	stage iia	dead	16642	2854	true	FALSE	United States	Infiltrating Ductal Carcinoma	Negative	Negative	NA	not reported	2
42084c0b-c619-4220-a75e-eb9c2496f6e8	TCGA-C8-A134-01A-11R-A115-07	Primary Tumor	TCGA-C8-A134	female	C8	ILSBio	stage iia	alive	19010	NA	true	FALSE	Vietnam	Infiltrating Ductal Carcinoma	Negative	Negative	NA	not reported	2
cf72af48-13ad-4e0b-9e98-4029498878fb	TCGA-A7-A13E-01A-11R-A12P-07	Primary Tumor	TCGA-A7-A13E	female	A7	Christiana Healthcare	stage iib	dead	22690	614	false	FALSE	None	Infiltrating Ductal Carcinoma	Negative	Positive	NA	not reported	2
004e0c7a-a9f7-43ad-acac-52fb44f567fc	TCGA-A2-A0D2-01A-21R-A034-07	Primary Tumor	TCGA-A2-A0D2	female	A2	Walter Reed	stage iia	alive	16623	NA	true	FALSE	None	Infiltrating Ductal Carcinoma	Negative	Negative	NA	not reported	2
a340e38d-af36-4b13-add3-50be6819d4fe	TCGA-PL-A8LZ-01A-31R-A36F-07	Primary Tumor	TCGA-PL-A8LZ	female	PL	Institute of Human Virology Nigeria	stage iiib	alive	10869	NA	false	FALSE	Nigeria	Infiltrating Ductal Carcinoma	NA	NA	NA	not reported	2
